{
    "timestamp": 1484058120.0,
    "request": "/api/v1/data/?record=116113",
    "start": 379918878720,
    "user": 6787,
    "decoder_version": "0.5.3",
    "start_date": "2017-01-10T14:22:00",
    "algo": {
        "record_id": 116113,
        "created": "2016-07-06T21:28:06.889481",
        "algorithms": {
            "ecg": "2.1.0",
            "acceleration": "2.1.0",
            "sleep_phase": "2.1.0",
            "sleep_position": "2.1.0",
            "respiration": "2.1.0",
            "hrv": "2.1.0",
            "activity_detection": "2.1.0"
        },
        "id": 3,
        "resource_uri": "/api/algo/3/"
    }
}