time [s],step [Step](/api/datatype/52/)
41.453125,1
42.5625,2
44.21875,3
70.375,4
71.46875,5
100.359375,6
101.65625,7
102.578125,8
103.734375,9
123.796875,10
124.71875,11
160.40625,12
161.46875,13
162.09375,14
162.625,15
163.953125,16
164.671875,17
177.546875,18
178.59375,19
227.0625,20
265.375,21
273.375,22
274.703125,23
275.6875,24
303.578125,25
306.296875,26
307.515625,27
308.625,28
333.015625,29
333.453125,30
334.109375,31
334.625,32
335.203125,33
335.671875,34
336.1875,35
337.109375,36
339.03125,37
340.578125,38
341.140625,39
342.296875,40
342.90625,41
344.4375,42
345.390625,43
375.78125,44
378.40625,45
413.671875,46
414.6875,47
415.65625,48
516.65625,49
517.90625,50
521.953125,51
522.59375,52
523.109375,53
524.28125,54
524.6875,55
525.234375,56
525.78125,57
526.328125,58
526.953125,59
528.671875,60
529.3125,61
532.75,62
533.875,63
535.609375,64
536.3125,65
537.40625,66
538.484375,67
539.59375,68
541.71875,69
582.71875,70
583.828125,71
584.53125,72
606.4375,73
608.28125,74
628.90625,75
636.5,76
637.109375,77
637.703125,78
638.359375,79
639.15625,80
646.4375,81
647.015625,82
648.203125,83
648.828125,84
649.40625,85
650.015625,86
657.875,87
659.015625,88
659.671875,89
660.875,90
716.484375,91
716.703125,92
716.921875,93
717.171875,94
736.25,95
770.0625,96
770.796875,97
771.453125,98
772.1875,99
773.5,100
774.8125,101
775.515625,102
776.359375,103
786.671875,104
787.25,105
788.59375,106
789.046875,107
789.640625,108
790.125,109
790.796875,110
791.203125,111
791.890625,112
792.984375,113
793.390625,114
795.484375,115
812.0,116
815.171875,117
816.4375,118
818.296875,119
819.578125,120
840.046875,121
841.40625,122
849.0,123
851.0625,124
853.9375,125
855.265625,126
855.921875,127
866.3125,128
1045.21875,129
1046.59375,130
1047.21875,131
1047.78125,132
1048.4375,133
1049.09375,134
1049.3125,135
1049.671875,136
1050.875,137
1051.578125,138
1052.171875,139
1052.90625,140
1054.40625,141
1059.609375,142
1064.28125,143
1065.921875,144
1085.296875,145
1086.53125,146
1087.640625,147
1088.140625,148
1088.859375,149
1089.34375,150
1090.09375,151
1091.15625,152
1091.84375,153
1095.71875,154
1096.203125,155
1096.8125,156
1097.453125,157
1099.203125,158
1100.8125,159
1101.5625,160
1102.40625,161
1102.921875,162
1114.296875,163
1116.21875,164
1121.296875,165
1121.984375,166
1123.703125,167
1128.4375,168
1132.359375,169
1133.265625,170
1136.84375,171
1157.390625,172
1158.125,173
1158.625,174
1159.140625,175
1159.59375,176
1160.09375,177
1160.6875,178
1161.21875,179
1161.78125,180
1162.328125,181
1163.109375,182
1163.625,183
1164.125,184
1164.71875,185
1165.171875,186
1165.6875,187
1166.21875,188
1166.75,189
1167.328125,190
1168.296875,191
1173.171875,192
1173.75,193
1174.0625,194
1174.375,195
1174.671875,196
1174.953125,197
1175.234375,198
1175.53125,199
1175.90625,200
1176.40625,201
1177.046875,202
1177.703125,203
1178.15625,204
1178.4375,205
1178.78125,206
1179.078125,207
1179.328125,208
1179.609375,209
1179.890625,210
1180.375,211
1180.96875,212
1181.328125,213
1181.59375,214
1182.015625,215
1182.359375,216
1182.703125,217
1183.015625,218
1183.296875,219
1183.65625,220
1183.90625,221
1184.375,222
1185.203125,223
1185.6875,224
1186.203125,225
1186.59375,226
1186.921875,227
1187.296875,228
1187.609375,229
1187.953125,230
1188.3125,231
1189.453125,232
1190.1875,233
1190.609375,234
1190.921875,235
1191.28125,236
1191.59375,237
1191.9375,238
1192.265625,239
1192.640625,240
1193.125,241
1194.234375,242
1194.53125,243
1194.890625,244
1195.1875,245
1195.515625,246
1195.796875,247
1196.078125,248
1196.359375,249
1196.703125,250
1197.15625,251
1197.765625,252
1198.234375,253
1198.796875,254
1199.46875,255
1199.734375,256
1200.109375,257
1200.46875,258
1200.9375,259
1201.5625,260
1202.046875,261
1202.640625,262
1203.125,263
1203.765625,264
1204.203125,265
1204.890625,266
1205.359375,267
1206.765625,268
1207.640625,269
1208.296875,270
1208.984375,271
1209.484375,272
1209.953125,273
1211.3125,274
1211.96875,275
1212.734375,276
1213.234375,277
1213.734375,278
1214.328125,279
1214.859375,280
1215.28125,281
1215.9375,282
1216.609375,283
1216.9375,284
1217.25,285
1217.609375,286
1218.703125,287
1219.15625,288
1219.78125,289
1220.484375,290
1220.765625,291
1221.203125,292
1221.515625,293
1221.96875,294
1222.546875,295
1223.125,296
1223.640625,297
1224.125,298
1224.71875,299
1225.28125,300
1225.796875,301
1226.28125,302
1226.890625,303
1227.390625,304
1227.984375,305
1228.546875,306
1229.078125,307
1229.5625,308
1230.15625,309
1230.703125,310
1231.265625,311
1231.78125,312
1232.328125,313
1232.859375,314
1233.453125,315
1234.015625,316
1234.53125,317
1235.03125,318
1235.59375,319
1236.109375,320
1236.71875,321
1237.296875,322
1237.78125,323
1238.296875,324
1238.890625,325
1239.421875,326
1240.0,327
1240.515625,328
1241.109375,329
1241.5625,330
1242.21875,331
1242.703125,332
1243.328125,333
1243.90625,334
1244.4375,335
1245.015625,336
1245.5625,337
1246.03125,338
1246.6875,339
1247.171875,340
1247.78125,341
1248.359375,342
1248.921875,343
1249.453125,344
1249.984375,345
1250.53125,346
1251.046875,347
1251.53125,348
1252.125,349
1252.609375,350
1253.171875,351
1253.65625,352
1254.203125,353
1254.703125,354
1255.234375,355
1255.71875,356
1256.28125,357
1256.78125,358
1257.3125,359
1257.78125,360
1258.359375,361
1258.828125,362
1259.4375,363
1259.921875,364
1260.5,365
1260.953125,366
1261.609375,367
1262.078125,368
1262.59375,369
1263.203125,370
1263.78125,371
1264.34375,372
1264.90625,373
1265.375,374
1265.96875,375
1266.46875,376
1267.078125,377
1267.578125,378
1268.171875,379
1268.6875,380
1269.28125,381
1269.859375,382
1270.390625,383
1270.875,384
1271.484375,385
1271.984375,386
1272.609375,387
1273.125,388
1273.71875,389
1274.171875,390
1274.734375,391
1275.09375,392
1275.796875,393
1276.328125,394
1276.90625,395
1277.4375,396
1277.984375,397
1278.484375,398
1279.0625,399
1279.625,400
1280.171875,401
1280.609375,402
1281.25,403
1281.765625,404
1282.34375,405
1282.90625,406
1283.4375,407
1283.921875,408
1284.53125,409
1284.984375,410
1285.578125,411
1286.0625,412
1286.640625,413
1287.15625,414
1287.75,415
1288.234375,416
1288.859375,417
1289.3125,418
1289.90625,419
1290.40625,420
1291.0,421
1291.515625,422
1292.109375,423
1292.59375,424
1293.1875,425
1293.6875,426
1294.28125,427
1294.75,428
1295.359375,429
1295.84375,430
1296.453125,431
1296.90625,432
1297.515625,433
1298.015625,434
1298.625,435
1299.078125,436
1299.734375,437
1300.203125,438
1300.796875,439
1301.28125,440
1301.90625,441
1302.359375,442
1302.984375,443
1303.46875,444
1304.078125,445
1304.5625,446
1305.203125,447
1305.71875,448
1306.265625,449
1306.765625,450
1307.359375,451
1307.828125,452
1308.53125,453
1309.0,454
1309.609375,455
1310.09375,456
1310.734375,457
1311.21875,458
1311.84375,459
1312.359375,460
1312.9375,461
1313.421875,462
1314.09375,463
1314.546875,464
1315.109375,465
1315.734375,466
1318.703125,467
1319.953125,468
1320.5625,469
1342.859375,470
1344.171875,471
1344.625,472
1345.375,473
1345.828125,474
1346.546875,475
1347.0,476
1347.765625,477
1348.21875,478
1348.921875,479
1349.4375,480
1350.109375,481
1351.28125,482
1351.765625,483
1352.5625,484
1353.015625,485
1378.953125,486
1380.359375,487
1385.71875,488
1387.28125,489
1388.03125,490
1388.6875,491
1403.6875,492
1404.453125,493
1408.96875,494
1410.34375,495
1410.828125,496
1411.546875,497
1412.015625,498
1412.765625,499
1413.9375,500
1414.390625,501
1415.078125,502
1415.5625,503
1416.34375,504
1416.859375,505
1417.515625,506
1418.21875,507
1424.5625,508
1425.171875,509
1425.71875,510
1426.359375,511
1467.5,512
1468.171875,513
1470.140625,514
1471.5625,515
1472.65625,516
1473.28125,517
1474.015625,518
1474.5,519
1475.1875,520
1475.671875,521
1476.4375,522
1477.578125,523
1481.875,524
1483.8125,525
1485.640625,526
1487.0625,527
1487.59375,528
1488.078125,529
1488.703125,530
1489.375,531
1490.515625,532
1491.015625,533
1491.6875,534
1492.828125,535
1493.359375,536
1493.953125,537
1494.5,538
1495.078125,539
1495.578125,540
1496.203125,541
1496.703125,542
1497.359375,543
1497.8125,544
1498.515625,545
1499.640625,546
1500.140625,547
1500.8125,548
1501.953125,549
1503.078125,550
1503.640625,551
1504.203125,552
1504.703125,553
1505.3125,554
1505.78125,555
1506.453125,556
1506.9375,557
1507.609375,558
1508.078125,559
1508.734375,560
1509.1875,561
1509.859375,562
1510.421875,563
1511.0,564
1511.453125,565
1512.109375,566
1513.265625,567
1513.75,568
1514.359375,569
1514.859375,570
1515.5,571
1515.984375,572
1516.625,573
1517.125,574
1517.765625,575
1518.25,576
1518.875,577
1519.359375,578
1519.984375,579
1520.578125,580
1521.109375,581
1521.609375,582
1522.21875,583
1522.765625,584
1523.375,585
1523.84375,586
1524.484375,587
1524.953125,588
1525.578125,589
1526.078125,590
1526.703125,591
1527.171875,592
1527.84375,593
1528.328125,594
1528.96875,595
1529.453125,596
1530.0625,597
1530.578125,598
1531.21875,599
1531.65625,600
1532.34375,601
1532.796875,602
1533.46875,603
1534.0,604
1534.578125,605
1535.0625,606
1535.703125,607
1536.171875,608
1536.859375,609
1537.296875,610
1537.96875,611
1538.53125,612
1539.109375,613
1539.65625,614
1540.25,615
1540.703125,616
1541.40625,617
1541.84375,618
1542.5625,619
1543.0625,620
1543.6875,621
1544.171875,622
1544.84375,623
1545.984375,624
1546.53125,625
1547.0625,626
1547.765625,627
1548.390625,628
1549.4375,629
1550.640625,630
1551.375,631
1552.015625,632
1552.5625,633
1553.203125,634
1553.703125,635
1554.40625,636
1555.46875,637
1556.828125,638
1558.0,639
1559.21875,640
1559.640625,641
1560.375,642
1561.578125,643
1562.84375,644
1563.25,645
1563.84375,646
1565.21875,647
1565.625,648
1566.453125,649
1567.625,650
1568.75,651
1569.265625,652
1569.96875,653
1570.46875,654
1571.171875,655
1571.6875,656
1572.1875,657
1573.390625,658
1574.703125,659
1575.90625,660
1576.359375,661
1577.09375,662
1578.375,663
1578.859375,664
1579.546875,665
1579.984375,666
1580.71875,667
1581.1875,668
1581.796875,669
1582.984375,670
1584.328125,671
1584.796875,672
1585.46875,673
1586.0,674
1586.71875,675
1587.203125,676
1589.21875,677
1590.546875,678
1591.25,679
1592.140625,680
1592.625,681
1593.390625,682
1594.5,683
1595.203125,684
1595.828125,685
1596.5,686
1597.40625,687
1598.546875,688
1599.046875,689
1599.625,690
1600.875,691
1602.046875,692
1603.09375,693
1603.859375,694
1604.65625,695
1605.421875,696
1606.359375,697
1609.953125,698
1611.421875,699
1612.640625,700
1613.125,701
1613.84375,702
1614.3125,703
1615.515625,704
1621.78125,705
1622.390625,706
1622.890625,707
1624.1875,708
1624.8125,709
1625.765625,710
1626.90625,711
1628.0,712
1629.34375,713
1630.03125,714
1630.734375,715
1631.390625,716
1632.109375,717
1632.75,718
1633.53125,719
1634.15625,720
1634.84375,721
1636.203125,722
1636.875,723
1637.59375,724
1638.3125,725
1639.03125,726
1639.734375,727
1641.265625,728
1641.984375,729
1642.765625,730
1643.484375,731
1644.1875,732
1644.859375,733
1646.234375,734
1647.109375,735
1648.46875,736
1649.1875,737
1649.84375,738
1650.515625,739
1651.25,740
1651.96875,741
1652.609375,742
1653.453125,743
1654.15625,744
1655.53125,745
1656.234375,746
1656.890625,747
1657.59375,748
1658.328125,749
1658.96875,750
1659.640625,751
1660.3125,752
1661.0,753
1661.765625,754
1662.40625,755
1663.140625,756
1664.484375,757
1665.890625,758
1667.28125,759
1667.9375,760
1669.25,761
1670.0,762
1671.390625,763
1672.890625,764
1673.59375,765
1674.34375,766
1675.0,767
1675.71875,768
1676.390625,769
1677.125,770
1677.75,771
1678.46875,772
1679.140625,773
1679.828125,774
1681.3125,775
1682.0,776
1682.84375,777
1684.21875,778
1698.484375,779
1700.0625,780
1700.796875,781
1705.234375,782
1706.6875,783
1707.15625,784
1719.4375,785
1731.4375,786
1732.265625,787
1732.859375,788
1733.515625,789
1734.015625,790
1734.515625,791
1739.375,792
1741.78125,793
1953.203125,794
1954.453125,795
1955.09375,796
1955.75,797
1956.484375,798
1957.078125,799
1957.59375,800
1958.078125,801
1958.8125,802
1959.96875,803
1960.421875,804
1961.296875,805
1962.875,806
1970.015625,807
1989.03125,808
2002.28125,809
2043.109375,810
2043.75,811
2069.734375,812
2076.78125,813
2174.296875,814
2180.5625,815
2181.265625,816
2181.921875,817
2184.09375,818
2185.609375,819
2187.203125,820
2226.90625,821
2244.828125,822
2247.921875,823
2255.15625,824
2255.546875,825
2256.828125,826
2257.375,827
2259.5,828
2260.78125,829
2430.5625,830
2433.828125,831
2435.25,832
2435.65625,833
2436.390625,834
2437.90625,835
2438.734375,836
2439.203125,837
2439.859375,838
2440.078125,839
2448.640625,840
2449.28125,841
2476.8125,842
2480.921875,843
2490.828125,844
2491.53125,845
2503.4375,846
2601.828125,847
2613.703125,848
2623.734375,849
2624.359375,850
2624.890625,851
2625.546875,852
2626.046875,853
2627.234375,854
2627.734375,855
2628.359375,856
2628.953125,857
2629.5625,858
2633.625,859
2634.390625,860
2643.203125,861
2643.75,862
2671.1875,863
2675.96875,864
2677.453125,865
2678.5,866
2678.953125,867
2679.609375,868
2680.765625,869
2681.296875,870
2681.828125,871
2682.3125,872
2682.96875,873
2683.9375,874
2686.71875,875
2687.453125,876
2688.609375,877
2689.671875,878
2690.765625,879
2691.203125,880
2691.9375,881
2692.796875,882
2694.078125,883
2696.296875,884
2730.390625,885
2731.171875,886
2737.90625,887
2738.84375,888
2739.28125,889
2740.0,890
2741.015625,891
2741.578125,892
2743.96875,893
2747.125,894
2747.796875,895
2748.015625,896
2758.125,897
2759.359375,898
2759.96875,899
2762.015625,900
2762.859375,901
2764.4375,902
2765.6875,903
2766.328125,904
2770.53125,905
2771.71875,906
2778.8125,907
2780.84375,908
3110.6875,909
3663.921875,910
3664.609375,911
3665.328125,912
3666.109375,913
3677.65625,914
3680.09375,915
3680.6875,916
3682.78125,917
3690.75,918
3691.765625,919
3692.90625,920
3693.984375,921
4147.046875,922
4166.125,923
4167.375,924
4181.390625,925
4182.6875,926
4183.046875,927
4183.578125,928
4184.3125,929
4252.0,930
4252.609375,931
4253.265625,932
4253.828125,933
4254.296875,934
4254.734375,935
4255.390625,936
4255.953125,937
4256.46875,938
4257.5,939
4258.0625,940
4258.5625,941
4259.0,942
4259.609375,943
4259.921875,944
4260.640625,945
4260.96875,946
4261.625,947
4262.109375,948
4262.78125,949
4269.09375,950
4270.234375,951
4270.765625,952
4271.3125,953
4271.703125,954
4272.171875,955
4272.796875,956
4273.296875,957
4273.8125,958
4274.328125,959
4274.828125,960
4275.359375,961
4275.8125,962
4276.390625,963
4276.859375,964
4277.4375,965
4277.921875,966
4278.453125,967
4279.0,968
4279.484375,969
4355.59375,970
4398.859375,971
4399.109375,972
4422.546875,973
4423.015625,974
4423.53125,975
4424.6875,976
4427.34375,977
4428.421875,978
4429.40625,979
4430.5625,980
4431.890625,981
4432.8125,982
4433.96875,983
4434.421875,984
4434.984375,985
4447.453125,986
4450.21875,987
4467.890625,988
4480.84375,989
4484.984375,990
4491.734375,991
4492.4375,992
4493.125,993
4494.25,994
4495.171875,995
4495.75,996
4496.40625,997
4497.375,998
4498.421875,999
4500.53125,1000
4525.265625,1001
4545.640625,1002
4546.765625,1003
4547.171875,1004
4572.109375,1005
4573.28125,1006
4610.890625,1007
4612.421875,1008
4620.703125,1009
4622.140625,1010
4629.40625,1011
4632.328125,1012
4633.171875,1013
4634.28125,1014
4634.6875,1015
4635.34375,1016
4635.921875,1017
4636.484375,1018
4637.09375,1019
4638.109375,1020
4953.828125,1021
4955.265625,1022
4955.859375,1023
4957.15625,1024
4957.640625,1025
4965.65625,1026
4971.015625,1027
4973.28125,1028
4973.953125,1029
4974.578125,1030
4978.265625,1031
4981.734375,1032
4982.140625,1033
4982.59375,1034
4983.828125,1035
4984.578125,1036
4985.609375,1037
4985.96875,1038
5005.75,1039
5006.828125,1040
5007.46875,1041
5008.1875,1042
5009.3125,1043
5009.765625,1044
5010.515625,1045
5039.46875,1046
5041.703125,1047
5046.03125,1048
5046.640625,1049
5047.3125,1050
5048.46875,1051
5048.953125,1052
5049.5625,1053
5050.25,1054
5055.171875,1055
5055.859375,1056
5057.0625,1057
5057.515625,1058
5058.140625,1059
5059.34375,1060
5059.75,1061
5060.46875,1062
5060.875,1063
5062.03125,1064
5063.75,1065
5087.84375,1066
5103.71875,1067
5109.953125,1068
5118.03125,1069
5118.71875,1070
5119.375,1071
5120.03125,1072
5120.65625,1073
5122.046875,1074
5122.5625,1075
5123.265625,1076
5123.6875,1077
5124.40625,1078
5126.0,1079
5126.578125,1080
5127.15625,1081
5127.875,1082
5131.828125,1083
5132.484375,1084
5134.9375,1085
5136.078125,1086
5136.625,1087
5137.953125,1088
5138.40625,1089
5139.109375,1090
5140.21875,1091
5141.328125,1092
5141.75,1093
5142.8125,1094
5143.40625,1095
5144.109375,1096
5179.90625,1097
5180.21875,1098
5180.859375,1099
5181.9375,1100
5183.140625,1101
5184.328125,1102
5185.375,1103
5185.890625,1104
5186.625,1105
5187.765625,1106
5189.5625,1107
5192.046875,1108
5194.65625,1109
5195.234375,1110
5197.203125,1111
5197.875,1112
5198.71875,1113
5235.65625,1114
5237.84375,1115
5238.59375,1116
5258.3125,1117
5262.390625,1118
5263.625,1119
5264.40625,1120
5264.953125,1121
5265.734375,1122
5289.28125,1123
5289.96875,1124
5290.546875,1125
5291.078125,1126
5291.625,1127
5292.1875,1128
5292.78125,1129
5293.375,1130
5293.9375,1131
5296.484375,1132
5297.0625,1133
5320.234375,1134
5342.484375,1135
5347.078125,1136
5348.265625,1137
5386.1875,1138
5396.0625,1139
5397.3125,1140
5398.53125,1141
5399.75,1142
5400.28125,1143
5400.953125,1144
5401.484375,1145
5402.09375,1146
5403.28125,1147
5403.84375,1148
5404.453125,1149
5405.671875,1150
5406.828125,1151
5413.03125,1152
5413.65625,1153
5414.28125,1154
5414.953125,1155
5415.515625,1156
5416.65625,1157
5417.234375,1158
5417.84375,1159
5418.453125,1160
5418.984375,1161
5419.640625,1162
5420.21875,1163
5420.828125,1164
5421.390625,1165
5421.984375,1166
5422.546875,1167
5423.921875,1168
5441.515625,1169
5441.9375,1170
5442.546875,1171
5443.78125,1172
5445.015625,1173
5446.140625,1174
5504.515625,1175
5505.671875,1176
5507.25,1177
5508.421875,1178
6323.8125,1179
6328.921875,1180
6329.59375,1181
6330.96875,1182
6331.515625,1183
6332.125,1184
6332.609375,1185
6337.296875,1186
6338.546875,1187
6339.046875,1188
6339.890625,1189
6341.421875,1190
6342.921875,1191
6345.375,1192
6346.703125,1193
6353.109375,1194
6354.453125,1195
6354.875,1196
6356.03125,1197
6356.640625,1198
6357.65625,1199
6388.96875,1200
6390.90625,1201
6393.734375,1202
6397.796875,1203
6399.953125,1204
6400.71875,1205
6407.21875,1206
6408.625,1207
6409.25,1208
6409.8125,1209
6410.265625,1210
6410.984375,1211
6411.453125,1212
6412.046875,1213
6412.5,1214
6412.953125,1215
6414.015625,1216
6417.90625,1217
6420.421875,1218
6421.109375,1219
6421.78125,1220
6422.390625,1221
6422.984375,1222
6424.171875,1223
6424.796875,1224
6425.359375,1225
6426.578125,1226
6429.875,1227
6431.46875,1228
6455.28125,1229
6471.921875,1230
6472.359375,1231
6472.8125,1232
6474.421875,1233
6474.890625,1234
6475.4375,1235
6477.421875,1236
6478.234375,1237
6478.65625,1238
6481.390625,1239
6483.46875,1240
6486.9375,1241
6489.0625,1242
6490.5625,1243
6493.28125,1244
6498.359375,1245
6499.28125,1246
6501.453125,1247
6531.78125,1248
6547.25,1249
6549.5,1250
6550.265625,1251
6550.84375,1252
6551.4375,1253
6552.015625,1254
6552.5,1255
6552.96875,1256
6553.421875,1257
6554.046875,1258
6556.3125,1259
6556.828125,1260
6557.421875,1261
6557.8125,1262
6558.40625,1263
6558.90625,1264
6559.453125,1265
6559.875,1266
6560.40625,1267
6561.609375,1268
6562.25,1269
6562.8125,1270
6563.40625,1271
6564.0,1272
6564.59375,1273
6565.09375,1274
6565.609375,1275
6566.203125,1276
6567.578125,1277
6568.171875,1278
6568.734375,1279
6569.15625,1280
6569.65625,1281
6570.109375,1282
6570.625,1283
6571.0,1284
6571.484375,1285
6573.578125,1286
6574.140625,1287
6574.59375,1288
6575.0625,1289
6575.4375,1290
6575.90625,1291
6576.28125,1292
6576.78125,1293
6578.46875,1294
6578.984375,1295
6579.671875,1296
6580.09375,1297
6580.59375,1298
6581.109375,1299
6581.53125,1300
6582.0625,1301
6582.46875,1302
6584.234375,1303
6584.9375,1304
6585.4375,1305
6586.03125,1306
6586.5625,1307
6587.15625,1308
6587.75,1309
6588.109375,1310
6588.578125,1311
6590.234375,1312
6590.765625,1313
6591.28125,1314
6591.8125,1315
6592.28125,1316
6592.765625,1317
6593.1875,1318
6593.6875,1319
6594.046875,1320
6594.5625,1321
6595.15625,1322
6595.734375,1323
6596.25,1324
6596.859375,1325
6597.296875,1326
6597.71875,1327
6598.203125,1328
6598.671875,1329
6599.21875,1330
6599.78125,1331
6600.40625,1332
6600.96875,1333
6601.5,1334
6602.046875,1335
6610.328125,1336
6610.984375,1337
6611.65625,1338
6615.734375,1339
6616.296875,1340
6616.75,1341
6617.28125,1342
6617.796875,1343
6618.328125,1344
6618.90625,1345
6619.453125,1346
6620.109375,1347
6620.546875,1348
6621.015625,1349
6621.421875,1350
6621.96875,1351
6622.53125,1352
6623.125,1353
6623.703125,1354
6624.25,1355
6624.890625,1356
6625.421875,1357
6625.953125,1358
6626.53125,1359
6627.078125,1360
6627.65625,1361
6628.203125,1362
6660.203125,1363
6667.03125,1364
6668.28125,1365
6677.046875,1366
6685.484375,1367
6687.125,1368
6689.203125,1369
6692.90625,1370
6696.0,1371
6730.609375,1372
6731.25,1373
6731.609375,1374
6731.890625,1375
6732.265625,1376
6732.953125,1377
6734.9375,1378
6735.765625,1379
6736.0,1380
6736.5625,1381
6742.796875,1382
6743.109375,1383
6747.59375,1384
6748.859375,1385
6749.1875,1386
6749.96875,1387
6750.796875,1388
6752.40625,1389
6752.765625,1390
6753.078125,1391
6754.8125,1392
6756.640625,1393
6756.90625,1394
6757.375,1395
6757.6875,1396
6758.0625,1397
6758.359375,1398
6759.875,1399
6760.921875,1400
6761.40625,1401
6761.71875,1402
6762.40625,1403
6762.6875,1404
6763.328125,1405
6763.59375,1406
6764.109375,1407
6764.53125,1408
6764.75,1409
6765.09375,1410
6765.953125,1411
6767.515625,1412
6769.4375,1413
6769.65625,1414
6769.9375,1415
6770.234375,1416
6770.578125,1417
6772.890625,1418
6773.453125,1419
6774.9375,1420
6775.265625,1421
6775.71875,1422
6775.96875,1423
6777.078125,1424
6777.953125,1425
6778.28125,1426
6779.046875,1427
6780.421875,1428
6782.015625,1429
6782.515625,1430
6782.78125,1431
6784.78125,1432
6785.234375,1433
6786.171875,1434
6786.578125,1435
6786.796875,1436
6788.734375,1437
6789.265625,1438
6789.53125,1439
6789.75,1440
6790.828125,1441
6791.96875,1442
6793.765625,1443
6794.0625,1444
6796.515625,1445
6797.0,1446
6797.3125,1447
6797.890625,1448
6798.28125,1449
6798.6875,1450
6799.125,1451
6803.453125,1452
6803.984375,1453
6804.3125,1454
6804.65625,1455
6811.421875,1456
6816.25,1457
6821.09375,1458
6822.015625,1459
6823.703125,1460
6824.4375,1461
6825.734375,1462
6826.484375,1463
6828.25,1464
6831.046875,1465
6832.828125,1466
6833.6875,1467
6834.5625,1468
6836.28125,1469
6837.15625,1470
6837.984375,1471
6838.828125,1472
6839.046875,1473
6839.28125,1474
6839.625,1475
6848.375,1476
6850.359375,1477
6853.484375,1478
6853.75,1479
6854.09375,1480
6854.359375,1481
6854.578125,1482
6855.390625,1483
6855.734375,1484
6856.84375,1485
6857.5625,1486
6857.953125,1487
6859.234375,1488
6860.015625,1489
6860.796875,1490
6862.140625,1491
6862.421875,1492
6865.578125,1493
6866.046875,1494
6866.34375,1495
6867.40625,1496
6867.765625,1497
6868.171875,1498
6868.453125,1499
6869.90625,1500
6870.25,1501
6870.71875,1502
6876.515625,1503
6876.84375,1504
6879.140625,1505
6888.3125,1506
6891.484375,1507
6893.59375,1508
6922.265625,1509
6923.875,1510
6925.78125,1511
6926.328125,1512
6926.640625,1513
6928.125,1514
6928.375,1515
6931.921875,1516
6934.09375,1517
6936.28125,1518
6939.78125,1519
6945.03125,1520
6946.421875,1521
6947.0625,1522
6947.953125,1523
6948.515625,1524
6948.921875,1525
6949.859375,1526
6950.328125,1527
6950.8125,1528
6951.203125,1529
6951.671875,1530
6952.03125,1531
6952.59375,1532
6953.03125,1533
6955.453125,1534
6955.796875,1535
6956.78125,1536
6957.078125,1537
6958.546875,1538
6959.4375,1539
6960.828125,1540
6961.6875,1541
6962.53125,1542
6963.296875,1543
6963.84375,1544
6964.53125,1545
6964.8125,1546
6966.5,1547
6967.78125,1548
6968.5,1549
6969.921875,1550
6970.3125,1551
6970.578125,1552
6972.828125,1553
6973.125,1554
6973.5,1555
6974.28125,1556
6975.8125,1557
6977.6875,1558
6979.34375,1559
6982.484375,1560
6982.796875,1561
6984.109375,1562
6985.609375,1563
6985.859375,1564
6987.390625,1565
6988.15625,1566
6988.421875,1567
6988.90625,1568
6989.640625,1569
6991.453125,1570
6992.0625,1571
6993.390625,1572
6995.03125,1573
6995.328125,1574
6999.296875,1575
7000.640625,1576
7001.90625,1577
7002.265625,1578
7003.21875,1579
7003.578125,1580
7004.640625,1581
7009.734375,1582
7011.671875,1583
7012.25,1584
7014.140625,1585
7015.671875,1586
7015.890625,1587
7016.828125,1588
7017.6875,1589
7019.03125,1590
7020.03125,1591
7020.578125,1592
7021.953125,1593
7022.421875,1594
7022.71875,1595
7022.96875,1596
7024.6875,1597
7026.265625,1598
7027.3125,1599
7027.578125,1600
7028.109375,1601
7028.6875,1602
7029.015625,1603
7029.484375,1604
7030.109375,1605
7030.421875,1606
7031.09375,1607
7032.015625,1608
7033.0625,1609
7033.328125,1610
7033.546875,1611
7033.890625,1612
7034.125,1613
7034.359375,1614
7034.65625,1615
7038.21875,1616
7038.71875,1617
7041.0,1618
7041.21875,1619
7041.5,1620
7041.875,1621
7042.34375,1622
7042.78125,1623
7043.390625,1624
7043.90625,1625
7044.265625,1626
7046.75,1627
7047.28125,1628
7047.796875,1629
7048.109375,1630
7048.34375,1631
7048.625,1632
7048.890625,1633
7049.21875,1634
7050.203125,1635
7051.71875,1636
7051.9375,1637
7052.28125,1638
7052.5,1639
7052.796875,1640
7053.390625,1641
7053.65625,1642
7053.90625,1643
7055.09375,1644
7055.953125,1645
7056.21875,1646
7056.5,1647
7057.640625,1648
7058.6875,1649
7059.125,1650
7059.734375,1651
7060.109375,1652
7063.484375,1653
7064.71875,1654
7064.953125,1655
7065.1875,1656
7065.640625,1657
7067.296875,1658
7067.6875,1659
7068.421875,1660
7069.4375,1661
7070.65625,1662
7071.078125,1663
7072.09375,1664
7072.3125,1665
7073.09375,1666
7073.84375,1667
7074.109375,1668
7074.375,1669
7074.84375,1670
7078.015625,1671
7079.578125,1672
7081.03125,1673
7081.390625,1674
7082.09375,1675
7083.046875,1676
7084.59375,1677
7085.9375,1678
7087.09375,1679
7088.5625,1680
7089.0625,1681
7090.703125,1682
7090.96875,1683
7092.171875,1684
7093.15625,1685
7095.296875,1686
7095.625,1687
7096.25,1688
7096.625,1689
7097.203125,1690
7097.640625,1691
7097.859375,1692
7098.15625,1693
7098.375,1694
7099.84375,1695
7101.5,1696
7104.15625,1697
7104.609375,1698
7105.09375,1699
7106.6875,1700
7107.734375,1701
7109.21875,1702
7109.859375,1703
7110.09375,1704
7111.359375,1705
7112.875,1706
7113.859375,1707
7114.15625,1708
7115.34375,1709
7115.8125,1710
7116.03125,1711
7116.546875,1712
7117.890625,1713
7118.140625,1714
7118.671875,1715
7119.21875,1716
7120.296875,1717
7120.859375,1718
7122.796875,1719
7123.25,1720
7123.703125,1721
7129.5,1722
7131.125,1723
7131.375,1724
7131.671875,1725
7132.203125,1726
7133.84375,1727
7134.421875,1728
7135.0,1729
7136.515625,1730
7136.796875,1731
7137.0625,1732
7140.28125,1733
7141.484375,1734
7143.671875,1735
7145.03125,1736
7145.390625,1737
7145.640625,1738
7146.015625,1739
7146.296875,1740
7148.765625,1741
7149.703125,1742
7150.015625,1743
7150.625,1744
7152.328125,1745
7152.921875,1746
7153.53125,1747
7155.8125,1748
7156.03125,1749
7156.28125,1750
7156.5625,1751
7156.796875,1752
7157.1875,1753
7157.421875,1754
7157.640625,1755
7157.921875,1756
7158.15625,1757
7158.4375,1758
7159.296875,1759
7161.625,1760
7162.46875,1761
7163.09375,1762
7163.40625,1763
7164.109375,1764
7164.625,1765
7164.953125,1766
7165.421875,1767
7165.65625,1768
7166.84375,1769
7168.21875,1770
7168.53125,1771
7169.78125,1772
7172.203125,1773
7172.46875,1774
7175.828125,1775
7178.78125,1776
7179.0,1777
7179.3125,1778
7179.59375,1779
7180.84375,1780
7181.296875,1781
7181.5625,1782
7182.09375,1783
7183.03125,1784
7183.25,1785
7183.890625,1786
7184.140625,1787
7184.359375,1788
7184.625,1789
7189.5,1790
7189.734375,1791
7190.4375,1792
7191.640625,1793
7194.875,1794
7198.28125,1795
7200.359375,1796
7202.84375,1797
7204.328125,1798
7205.046875,1799
7205.390625,1800
7205.953125,1801
7206.25,1802
7206.546875,1803
7207.03125,1804
7207.453125,1805
7207.921875,1806
7208.15625,1807
7208.515625,1808
7208.734375,1809
7208.984375,1810
7209.6875,1811
7210.265625,1812
7210.5,1813
7210.921875,1814
7211.15625,1815
7211.375,1816
7211.640625,1817
7212.140625,1818
7212.484375,1819
7212.78125,1820
7213.078125,1821
7213.609375,1822
7213.890625,1823
7214.28125,1824
7214.65625,1825
7214.9375,1826
7215.234375,1827
7215.515625,1828
7215.78125,1829
7216.046875,1830
7216.546875,1831
7217.09375,1832
7217.53125,1833
7218.140625,1834
7218.5625,1835
7219.15625,1836
7220.71875,1837
7222.328125,1838
7222.765625,1839
7223.828125,1840
7225.203125,1841
7227.734375,1842
7232.640625,1843
7234.8125,1844
7235.046875,1845
7235.296875,1846
7235.875,1847
7236.484375,1848
7237.59375,1849
7238.484375,1850
7242.40625,1851
7242.640625,1852
7243.234375,1853
7243.734375,1854
7244.25,1855
7244.5625,1856
7245.125,1857
7245.71875,1858
7246.625,1859
7250.859375,1860
7252.59375,1861
7252.859375,1862
7253.25,1863
7254.640625,1864
7254.9375,1865
7255.296875,1866
7255.890625,1867
7256.359375,1868
7257.390625,1869
7258.15625,1870
7258.453125,1871
7259.296875,1872
7260.28125,1873
7262.609375,1874
7263.546875,1875
7263.96875,1876
7264.921875,1877
7266.046875,1878
7267.15625,1879
7267.484375,1880
7268.65625,1881
7269.171875,1882
7269.671875,1883
7270.59375,1884
7271.8125,1885
7272.3125,1886
7273.921875,1887
7274.734375,1888
7275.53125,1889
7276.015625,1890
7276.71875,1891
7277.390625,1892
7277.609375,1893
7277.875,1894
7278.140625,1895
7280.0,1896
7280.3125,1897
7281.234375,1898
7282.296875,1899
7283.734375,1900
7284.015625,1901
7284.46875,1902
7285.984375,1903
7286.5625,1904
7286.84375,1905
7287.84375,1906
7288.09375,1907
7289.953125,1908
7290.203125,1909
7291.890625,1910
7299.046875,1911
7299.46875,1912
7299.6875,1913
7300.125,1914
7300.453125,1915
7300.703125,1916
7301.015625,1917
7301.28125,1918
7301.640625,1919
7302.171875,1920
7303.34375,1921
7304.953125,1922
7308.90625,1923
7312.171875,1924
7312.703125,1925
7320.03125,1926
7320.28125,1927
7320.625,1928
7320.875,1929
7321.546875,1930
7321.8125,1931
7323.359375,1932
7323.90625,1933
7324.125,1934
7324.890625,1935
7325.46875,1936
7328.875,1937
7329.125,1938
7331.21875,1939
7334.296875,1940
7335.46875,1941
7336.734375,1942
7338.671875,1943
7340.484375,1944
7341.03125,1945
7345.359375,1946
7345.984375,1947
7347.0625,1948
7353.625,1949
7354.8125,1950
7355.21875,1951
7356.6875,1952
7357.21875,1953
7357.75,1954
7358.046875,1955
7358.28125,1956
7359.640625,1957
7360.125,1958
7360.875,1959
7362.25,1960
7363.265625,1961
7365.34375,1962
7369.234375,1963
7369.453125,1964
7374.078125,1965
7379.796875,1966
7380.15625,1967
7380.53125,1968
7381.234375,1969
7381.453125,1970
7383.796875,1971
7385.765625,1972
7386.03125,1973
7387.3125,1974
7391.34375,1975
7393.109375,1976
7393.6875,1977
7393.9375,1978
7394.65625,1979
7395.09375,1980
7395.34375,1981
7396.46875,1982
7397.015625,1983
7397.515625,1984
7397.90625,1985
7398.125,1986
7398.34375,1987
7398.59375,1988
7398.84375,1989
7401.28125,1990
7402.25,1991
7402.8125,1992
7403.390625,1993
7403.96875,1994
7404.21875,1995
7404.515625,1996
7406.296875,1997
7406.84375,1998
7407.390625,1999
7407.9375,2000
7411.015625,2001
7411.75,2002
7412.296875,2003
7412.953125,2004
7413.625,2005
7413.9375,2006
7414.265625,2007
7414.796875,2008
7415.15625,2009
7416.609375,2010
7417.359375,2011
7419.71875,2012
7421.5625,2013
7422.203125,2014
7422.96875,2015
7425.84375,2016
7426.0625,2017
7426.296875,2018
7426.828125,2019
7427.046875,2020
7427.265625,2021
7427.5,2022
7428.109375,2023
7428.5,2024
7429.375,2025
7429.78125,2026
7430.46875,2027
7430.875,2028
7431.765625,2029
7432.859375,2030
7433.140625,2031
7434.484375,2032
7435.296875,2033
7435.53125,2034
7436.75,2035
7437.84375,2036
7438.421875,2037
7440.046875,2038
7440.546875,2039
7441.953125,2040
7442.21875,2041
7442.5,2042
7442.796875,2043
7443.015625,2044
7443.34375,2045
7444.5,2046
7444.828125,2047
7445.203125,2048
7445.984375,2049
7446.28125,2050
7446.546875,2051
7446.9375,2052
7447.234375,2053
7447.484375,2054
7448.890625,2055
7451.703125,2056
7453.09375,2057
7459.640625,2058
7460.734375,2059
7461.15625,2060
7461.765625,2061
7462.046875,2062
7463.75,2063
7464.875,2064
7466.9375,2065
7468.40625,2066
7470.078125,2067
7470.6875,2068
7471.296875,2069
7472.890625,2070
7473.609375,2071
7475.625,2072
7476.8125,2073
7477.859375,2074
7483.5,2075
7484.8125,2076
7485.75,2077
7486.015625,2078
7486.234375,2079
7486.515625,2080
7488.171875,2081
7489.40625,2082
7489.765625,2083
7490.0625,2084
7490.609375,2085
7490.984375,2086
7492.828125,2087
7493.1875,2088
7493.546875,2089
7493.78125,2090
7494.09375,2091
7494.328125,2092
7494.578125,2093
7495.703125,2094
7496.1875,2095
7496.4375,2096
7497.796875,2097
7498.09375,2098
7498.609375,2099
7498.875,2100
7499.203125,2101
7499.8125,2102
7500.546875,2103
7502.484375,2104
7504.21875,2105
7505.171875,2106
7505.421875,2107
7506.078125,2108
7506.390625,2109
7506.71875,2110
7507.140625,2111
7508.125,2112
7509.875,2113
7510.171875,2114
7510.40625,2115
7510.90625,2116
7511.15625,2117
7511.5625,2118
7512.125,2119
7512.375,2120
7512.640625,2121
7512.859375,2122
7513.171875,2123
7513.65625,2124
7513.9375,2125
7514.53125,2126
7516.0,2127
7516.609375,2128
7516.90625,2129
7517.234375,2130
7518.234375,2131
7518.5625,2132
7519.40625,2133
7519.640625,2134
7519.859375,2135
7520.109375,2136
7520.453125,2137
7520.921875,2138
7521.609375,2139
7523.109375,2140
7523.40625,2141
7524.0625,2142
7524.5625,2143
7525.109375,2144
7525.453125,2145
7525.765625,2146
7526.578125,2147
7527.21875,2148
7527.5,2149
7528.453125,2150
7529.078125,2151
7529.34375,2152
7529.921875,2153
7530.421875,2154
7531.640625,2155
7532.1875,2156
7532.5625,2157
7532.84375,2158
7533.203125,2159
7533.65625,2160
7533.890625,2161
7534.828125,2162
7535.90625,2163
7536.78125,2164
7537.328125,2165
7537.96875,2166
7538.296875,2167
7538.578125,2168
7538.984375,2169
7539.203125,2170
7539.421875,2171
7540.328125,2172
7541.1875,2173
7541.8125,2174
7542.359375,2175
7542.578125,2176
7543.078125,2177
7544.8125,2178
7545.84375,2179
7546.09375,2180
7546.65625,2181
7547.0625,2182
7547.359375,2183
7547.875,2184
7548.40625,2185
7549.53125,2186
7550.140625,2187
7550.484375,2188
7550.703125,2189
7551.21875,2190
7551.59375,2191
7551.875,2192
7554.28125,2193
7555.125,2194
7555.65625,2195
7556.078125,2196
7556.296875,2197
7556.53125,2198
7556.90625,2199
7557.359375,2200
7558.390625,2201
7558.609375,2202
7559.15625,2203
7559.75,2204
7560.046875,2205
7560.328125,2206
7561.5,2207
7562.046875,2208
7562.296875,2209
7562.53125,2210
7562.796875,2211
7563.765625,2212
7564.453125,2213
7565.625,2214
7566.0625,2215
7566.28125,2216
7566.78125,2217
7567.0,2218
7567.265625,2219
7567.5,2220
7569.921875,2221
7570.25,2222
7572.75,2223
7573.125,2224
7573.6875,2225
7575.3125,2226
7575.625,2227
7576.328125,2228
7577.953125,2229
7578.546875,2230
7579.046875,2231
7579.609375,2232
7579.96875,2233
7580.265625,2234
7581.140625,2235
7582.03125,2236
7582.984375,2237
7584.609375,2238
7586.046875,2239
7586.84375,2240
7589.5,2241
7590.59375,2242
7591.0625,2243
7591.734375,2244
7592.6875,2245
7593.921875,2246
7594.9375,2247
7595.359375,2248
7596.03125,2249
7597.078125,2250
7599.875,2251
7601.109375,2252
7601.40625,2253
7601.640625,2254
7601.953125,2255
7603.875,2256
7604.25,2257
7606.5625,2258
7606.984375,2259
7607.5625,2260
7608.140625,2261
7608.671875,2262
7609.1875,2263
7611.046875,2264
7611.96875,2265
7612.421875,2266
7612.640625,2267
7613.734375,2268
7614.328125,2269
7615.0,2270
7615.59375,2271
7616.0625,2272
7617.65625,2273
7617.921875,2274
7618.421875,2275
7618.671875,2276
7621.125,2277
7622.1875,2278
7623.4375,2279
7624.03125,2280
7624.703125,2281
7625.3125,2282
7626.234375,2283
7627.109375,2284
7627.5,2285
7628.0,2286
7628.25,2287
7629.078125,2288
7629.4375,2289
7631.25,2290
7631.578125,2291
7631.8125,2292
7632.859375,2293
7633.96875,2294
7635.21875,2295
7635.46875,2296
7636.390625,2297
7636.703125,2298
7636.9375,2299
7637.921875,2300
7638.953125,2301
7639.46875,2302
7639.703125,2303
7640.125,2304
7640.40625,2305
7641.5625,2306
7641.90625,2307
7642.90625,2308
7644.046875,2309
7644.625,2310
7646.15625,2311
7646.609375,2312
7647.171875,2313
7647.84375,2314
7648.125,2315
7648.390625,2316
7648.65625,2317
7648.890625,2318
7649.640625,2319
7650.359375,2320
7650.984375,2321
7651.46875,2322
7651.6875,2323
7651.90625,2324
7652.265625,2325
7652.78125,2326
7653.046875,2327
7653.3125,2328
7654.34375,2329
7661.125,2330
7661.625,2331
7663.171875,2332
7665.109375,2333
7668.859375,2334
7670.484375,2335
7671.484375,2336
7672.515625,2337
7672.90625,2338
7673.625,2339
7674.03125,2340
7674.671875,2341
7674.90625,2342
7675.46875,2343
7675.90625,2344
7676.828125,2345
7677.40625,2346
7677.625,2347
7678.0,2348
7678.859375,2349
7683.078125,2350
7685.015625,2351
7689.4375,2352
7693.515625,2353
7697.875,2354
7698.1875,2355
7700.328125,2356
7700.875,2357
7702.0625,2358
7702.546875,2359
7704.6875,2360
7705.984375,2361
7706.21875,2362
7706.46875,2363
7706.78125,2364
7707.28125,2365
7707.921875,2366
7708.25,2367
7708.5625,2368
7709.296875,2369
7711.171875,2370
7712.296875,2371
7712.640625,2372
7713.578125,2373
7714.03125,2374
7715.84375,2375
7716.796875,2376
7717.09375,2377
7717.34375,2378
7717.625,2379
7723.421875,2380
7723.640625,2381
7724.359375,2382
7724.671875,2383
7725.171875,2384
7725.6875,2385
7725.921875,2386
7726.546875,2387
7729.421875,2388
7729.65625,2389
7729.9375,2390
7730.484375,2391
7731.09375,2392
7733.953125,2393
7734.421875,2394
7734.640625,2395
7734.90625,2396
7735.21875,2397
7735.75,2398
7737.578125,2399
7738.125,2400
7739.515625,2401
7740.765625,2402
7741.046875,2403
7741.5,2404
7744.3125,2405
7744.53125,2406
7748.5625,2407
7753.078125,2408
7753.5625,2409
7755.6875,2410
7756.765625,2411
7757.046875,2412
7759.078125,2413
7759.703125,2414
7761.515625,2415
7762.171875,2416
7763.484375,2417
7763.90625,2418
7765.21875,2419
7767.515625,2420
7768.96875,2421
7769.453125,2422
7769.734375,2423
7770.890625,2424
7772.046875,2425
7772.265625,2426
7776.0625,2427
7777.875,2428
7778.09375,2429
7780.421875,2430
7782.328125,2431
7783.09375,2432
7783.765625,2433
7784.109375,2434
7784.953125,2435
7785.40625,2436
7787.21875,2437
7787.546875,2438
7787.859375,2439
7788.171875,2440
7790.953125,2441
7791.296875,2442
7792.21875,2443
7792.59375,2444
7793.71875,2445
7794.609375,2446
7795.59375,2447
7796.859375,2448
7797.078125,2449
7798.203125,2450
7798.625,2451
7798.84375,2452
7799.09375,2453
7799.625,2454
7800.0625,2455
7800.40625,2456
7800.65625,2457
7801.21875,2458
7801.5,2459
7801.765625,2460
7802.40625,2461
7802.828125,2462
7803.671875,2463
7803.96875,2464
7805.125,2465
7805.734375,2466
7806.03125,2467
7806.265625,2468
7806.5,2469
7807.390625,2470
7808.078125,2471
7808.6875,2472
7809.125,2473
7809.546875,2474
7809.8125,2475
7810.4375,2476
7810.828125,2477
7811.6875,2478
7812.8125,2479
7813.421875,2480
7814.125,2481
7814.640625,2482
7814.9375,2483
7815.3125,2484
7815.765625,2485
7816.390625,2486
7816.71875,2487
7817.53125,2488
7819.6875,2489
7819.90625,2490
7820.40625,2491
7820.953125,2492
7821.203125,2493
7821.46875,2494
7823.515625,2495
7823.765625,2496
7829.953125,2497
7832.171875,2498
7832.796875,2499
7835.515625,2500
7836.96875,2501
7837.765625,2502
7838.03125,2503
7838.765625,2504
7838.984375,2505
7839.203125,2506
7840.0625,2507
7840.296875,2508
7842.109375,2509
7842.46875,2510
7843.03125,2511
7843.515625,2512
7845.59375,2513
7846.046875,2514
7848.40625,2515
7848.921875,2516
7849.65625,2517
7852.34375,2518
7852.5625,2519
7854.4375,2520
7855.71875,2521
7856.734375,2522
7857.28125,2523
7858.078125,2524
7858.328125,2525
7858.546875,2526
7859.1875,2527
7859.75,2528
7860.328125,2529
7861.453125,2530
7863.75,2531
7864.796875,2532
7865.96875,2533
7866.453125,2534
7866.9375,2535
7867.171875,2536
7867.453125,2537
7868.09375,2538
7868.375,2539
7868.640625,2540
7869.71875,2541
7870.25,2542
7871.265625,2543
7871.984375,2544
7872.375,2545
7873.421875,2546
7875.640625,2547
7876.453125,2548
7877.234375,2549
7878.703125,2550
7880.1875,2551
7881.1875,2552
7881.40625,2553
7881.671875,2554
7882.0625,2555
7882.4375,2556
7883.703125,2557
7884.0,2558
7884.59375,2559
7884.84375,2560
7885.0625,2561
7885.796875,2562
7886.21875,2563
7887.859375,2564
7888.09375,2565
7888.59375,2566
7888.96875,2567
7889.265625,2568
7889.671875,2569
7892.875,2570
7894.46875,2571
7897.21875,2572
7898.265625,2573
7899.625,2574
7900.265625,2575
7901.15625,2576
7901.734375,2577
7902.234375,2578
7902.5,2579
7902.890625,2580
7903.203125,2581
7904.265625,2582
7904.734375,2583
7905.3125,2584
7905.546875,2585
7905.84375,2586
7906.671875,2587
7907.234375,2588
7907.921875,2589
7908.796875,2590
7909.03125,2591
7909.40625,2592
7910.015625,2593
7910.984375,2594
7911.203125,2595
7912.53125,2596
7913.921875,2597
7914.234375,2598
7917.1875,2599
7918.46875,2600
7920.03125,2601
7920.3125,2602
7920.53125,2603
7922.953125,2604
7923.859375,2605
7924.796875,2606
7925.15625,2607
7925.375,2608
7925.703125,2609
7925.96875,2610
7926.4375,2611
7927.15625,2612
7927.71875,2613
7928.59375,2614
7929.28125,2615
7929.5,2616
7930.4375,2617
7930.671875,2618
7930.9375,2619
7931.4375,2620
7932.125,2621
7932.484375,2622
7932.703125,2623
7933.0625,2624
7933.703125,2625
7933.96875,2626
7937.703125,2627
7938.3125,2628
7941.75,2629
7942.0625,2630
7942.59375,2631
7942.84375,2632
7943.109375,2633
7946.25,2634
7947.671875,2635
7949.46875,2636
7950.109375,2637
7950.625,2638
7951.359375,2639
7953.078125,2640
7953.328125,2641
7953.546875,2642
7955.203125,2643
7958.625,2644
7960.65625,2645
7961.03125,2646
7962.328125,2647
7963.359375,2648
7963.578125,2649
7967.6875,2650
7968.421875,2651
7969.0,2652
7969.234375,2653
7969.484375,2654
7971.421875,2655
7973.5,2656
7973.75,2657
7974.046875,2658
7976.421875,2659
7976.953125,2660
7977.640625,2661
7978.046875,2662
7978.390625,2663
7978.703125,2664
7979.5,2665
7980.09375,2666
7982.1875,2667
7982.5,2668
7983.390625,2669
7984.296875,2670
7986.03125,2671
7986.40625,2672
7986.65625,2673
7989.078125,2674
7989.359375,2675
7990.046875,2676
7991.15625,2677
7991.53125,2678
7992.34375,2679
7993.984375,2680
7994.453125,2681
7995.625,2682
7996.65625,2683
7997.21875,2684
7998.484375,2685
7998.90625,2686
7999.265625,2687
7999.875,2688
8000.671875,2689
8000.984375,2690
8001.3125,2691
8001.796875,2692
8002.0625,2693
8002.34375,2694
8002.796875,2695
8003.3125,2696
8004.640625,2697
8004.90625,2698
8005.5625,2699
8005.890625,2700
8006.53125,2701
8007.140625,2702
8007.734375,2703
8008.1875,2704
8009.1875,2705
8009.421875,2706
8009.703125,2707
8010.5625,2708
8012.203125,2709
8012.78125,2710
8013.109375,2711
8013.421875,2712
8014.671875,2713
8015.671875,2714
8015.953125,2715
8016.421875,2716
8016.984375,2717
8018.625,2718
8018.84375,2719
8020.0,2720
8021.46875,2721
8021.703125,2722
8022.15625,2723
8022.609375,2724
8023.75,2725
8025.796875,2726
8027.328125,2727
8027.78125,2728
8028.28125,2729
8028.53125,2730
8029.0,2731
8030.203125,2732
8031.875,2733
8033.265625,2734
8033.8125,2735
8034.234375,2736
8034.484375,2737
8034.78125,2738
8035.125,2739
8035.375,2740
8037.5625,2741
8038.0,2742
8038.953125,2743
8039.5,2744
8040.71875,2745
8041.3125,2746
8041.765625,2747
8042.265625,2748
8042.609375,2749
8042.84375,2750
8043.890625,2751
8044.453125,2752
8044.796875,2753
8045.015625,2754
8045.34375,2755
8045.5625,2756
8045.84375,2757
8046.140625,2758
8046.390625,2759
8046.828125,2760
8047.3125,2761
8047.625,2762
8048.75,2763
8049.8125,2764
8050.1875,2765
8050.453125,2766
8050.84375,2767
8051.171875,2768
8051.625,2769
8051.9375,2770
8052.421875,2771
8052.75,2772
8053.515625,2773
8054.3125,2774
8055.578125,2775
8056.734375,2776
8057.34375,2777
8058.609375,2778
8059.09375,2779
8060.265625,2780
8061.46875,2781
8062.0625,2782
8062.65625,2783
8063.390625,2784
8063.84375,2785
8064.921875,2786
8065.59375,2787
8066.15625,2788
8067.3125,2789
8067.71875,2790
8068.5,2791
8068.796875,2792
8069.3125,2793
8069.546875,2794
8070.484375,2795
8072.59375,2796
8072.859375,2797
8073.59375,2798
8073.921875,2799
8074.171875,2800
8074.734375,2801
8074.953125,2802
8075.203125,2803
8076.21875,2804
8076.453125,2805
8076.6875,2806
8077.4375,2807
8077.71875,2808
8078.34375,2809
8078.5625,2810
8078.78125,2811
8079.0,2812
8079.390625,2813
8079.609375,2814
8080.015625,2815
8080.53125,2816
8080.8125,2817
8081.4375,2818
8081.765625,2819
8082.03125,2820
8082.671875,2821
8082.9375,2822
8083.21875,2823
8083.734375,2824
8084.0,2825
8084.28125,2826
8084.609375,2827
8085.0,2828
8085.25,2829
8085.59375,2830
8085.875,2831
8086.8125,2832
8089.5,2833
8089.75,2834
8090.03125,2835
8090.625,2836
8090.9375,2837
8092.546875,2838
8092.90625,2839
8093.421875,2840
8093.953125,2841
8094.828125,2842
8095.0625,2843
8095.609375,2844
8095.953125,2845
8096.171875,2846
8098.015625,2847
8098.53125,2848
8098.75,2849
8098.984375,2850
8099.453125,2851
8101.078125,2852
8101.71875,2853
8102.015625,2854
8103.578125,2855
8104.578125,2856
8104.859375,2857
8105.125,2858
8106.0625,2859
8106.578125,2860
8107.109375,2861
8107.34375,2862
8107.65625,2863
8108.15625,2864
8108.8125,2865
8109.109375,2866
8109.515625,2867
8109.796875,2868
8110.875,2869
8111.09375,2870
8111.40625,2871
8112.0,2872
8112.859375,2873
8114.0625,2874
8114.984375,2875
8115.421875,2876
8116.125,2877
8116.875,2878
8117.34375,2879
8117.578125,2880
8118.234375,2881
8118.71875,2882
8119.796875,2883
8120.5625,2884
8121.1875,2885
8121.6875,2886
8122.21875,2887
8123.265625,2888
8123.9375,2889
8124.171875,2890
8124.46875,2891
8125.09375,2892
8126.734375,2893
8127.640625,2894
8128.078125,2895
8128.625,2896
8129.09375,2897
8129.65625,2898
8130.40625,2899
8130.9375,2900
8132.0,2901
8132.40625,2902
8132.625,2903
8133.234375,2904
8134.890625,2905
8135.296875,2906
8135.546875,2907
8136.109375,2908
8137.1875,2909
8137.796875,2910
8138.421875,2911
8139.109375,2912
8139.59375,2913
8139.890625,2914
8140.125,2915
8140.59375,2916
8141.171875,2917
8141.703125,2918
8142.65625,2919
8143.9375,2920
8144.1875,2921
8144.71875,2922
8144.9375,2923
8145.3125,2924
8146.078125,2925
8146.328125,2926
8146.578125,2927
8147.6875,2928
8148.171875,2929
8148.53125,2930
8148.9375,2931
8149.25,2932
8149.53125,2933
8150.109375,2934
8150.5625,2935
8151.046875,2936
8151.609375,2937
8152.671875,2938
8154.390625,2939
8154.71875,2940
8155.828125,2941
8156.8125,2942
8157.328125,2943
8158.921875,2944
8159.25,2945
8160.296875,2946
8160.796875,2947
8164.03125,2948
8166.765625,2949
8167.578125,2950
8168.046875,2951
8168.421875,2952
8168.953125,2953
8169.328125,2954
8171.40625,2955
8171.640625,2956
8172.59375,2957
8173.546875,2958
8173.9375,2959
8174.609375,2960
8174.9375,2961
8175.15625,2962
8176.078125,2963
8177.0625,2964
8177.609375,2965
8178.609375,2966
8178.984375,2967
8179.953125,2968
8181.15625,2969
8181.546875,2970
8182.140625,2971
8182.484375,2972
8183.8125,2973
8184.03125,2974
8184.59375,2975
8185.640625,2976
8187.328125,2977
8187.546875,2978
8189.171875,2979
8189.65625,2980
8189.90625,2981
8191.734375,2982
8192.84375,2983
8193.625,2984
8194.234375,2985
8194.84375,2986
8195.328125,2987
8196.3125,2988
8196.546875,2989
8196.765625,2990
8197.4375,2991
8197.90625,2992
8199.015625,2993
8199.96875,2994
8200.53125,2995
8201.03125,2996
8201.59375,2997
8202.0625,2998
8202.578125,2999
8204.34375,3000
8204.578125,3001
8205.0625,3002
8205.28125,3003
8205.546875,3004
8205.765625,3005
8206.109375,3006
8206.328125,3007
8206.5625,3008
8207.25,3009
8207.5,3010
8207.71875,3011
8208.546875,3012
8208.9375,3013
8210.078125,3014
8210.421875,3015
8212.140625,3016
8212.53125,3017
8213.671875,3018
8214.1875,3019
8214.453125,3020
8214.6875,3021
8214.953125,3022
8215.265625,3023
8215.890625,3024
8216.375,3025
8217.453125,3026
8217.96875,3027
8218.828125,3028
8219.046875,3029
8219.515625,3030
8219.859375,3031
8220.484375,3032
8220.953125,3033
8221.1875,3034
8221.640625,3035
8221.875,3036
8222.15625,3037
8222.390625,3038
8223.03125,3039
8223.46875,3040
8224.15625,3041
8224.5625,3042
8224.96875,3043
8225.421875,3044
8225.671875,3045
8225.984375,3046
8226.546875,3047
8226.984375,3048
8227.203125,3049
8228.078125,3050
8228.46875,3051
8228.703125,3052
8229.265625,3053
8229.609375,3054
8229.84375,3055
8230.078125,3056
8230.359375,3057
8230.953125,3058
8231.28125,3059
8231.546875,3060
8232.234375,3061
8233.1875,3062
8233.578125,3063
8234.109375,3064
8234.40625,3065
8234.6875,3066
8234.90625,3067
8235.21875,3068
8235.8125,3069
8236.28125,3070
8236.5,3071
8236.875,3072
8237.53125,3073
8237.890625,3074
8238.5625,3075
8239.140625,3076
8239.703125,3077
8240.75,3078
8242.375,3079
8242.734375,3080
8243.3125,3081
8243.859375,3082
8244.328125,3083
8245.390625,3084
8245.9375,3085
8246.171875,3086
8246.96875,3087
8247.515625,3088
8248.046875,3089
8248.6875,3090
8249.875,3091
8250.390625,3092
8250.75,3093
8251.828125,3094
8252.5,3095
8253.53125,3096
8253.8125,3097
8254.46875,3098
8255.515625,3099
8255.78125,3100
8256.078125,3101
8256.609375,3102
8257.203125,3103
8257.734375,3104
8258.1875,3105
8258.40625,3106
8258.734375,3107
8259.015625,3108
8259.46875,3109
8259.828125,3110
8260.046875,3111
8260.296875,3112
8260.546875,3113
8260.78125,3114
8261.265625,3115
8261.5625,3116
8262.234375,3117
8262.53125,3118
8262.796875,3119
8263.109375,3120
8263.734375,3121
8263.953125,3122
8264.171875,3123
8264.4375,3124
8264.671875,3125
8264.921875,3126
8265.640625,3127
8266.46875,3128
8266.703125,3129
8266.921875,3130
8267.171875,3131
8267.828125,3132
8268.359375,3133
8268.625,3134
8268.96875,3135
8269.265625,3136
8269.5,3137
8270.0,3138
8270.234375,3139
8270.53125,3140
8270.859375,3141
8271.15625,3142
8271.5625,3143
8271.84375,3144
8272.21875,3145
8272.546875,3146
8272.765625,3147
8272.984375,3148
8273.71875,3149
8274.375,3150
8274.671875,3151
8274.921875,3152
8275.1875,3153
8275.609375,3154
8275.859375,3155
8276.15625,3156
8276.546875,3157
8277.703125,3158
8277.921875,3159
8278.375,3160
8279.609375,3161
8280.0625,3162
8280.578125,3163
8281.59375,3164
8282.625,3165
8283.0625,3166
8283.609375,3167
8284.5625,3168
8285.234375,3169
8286.15625,3170
8286.5,3171
8286.859375,3172
8287.234375,3173
8287.46875,3174
8287.828125,3175
8288.40625,3176
8292.578125,3177
8293.65625,3178
8295.421875,3179
8296.015625,3180
8296.3125,3181
8296.84375,3182
8297.859375,3183
8298.5,3184
8298.84375,3185
8299.265625,3186
8299.53125,3187
8299.890625,3188
8300.140625,3189
8300.5,3190
8300.796875,3191
8301.109375,3192
8301.4375,3193
8301.65625,3194
8301.921875,3195
8302.203125,3196
8302.453125,3197
8303.140625,3198
8303.609375,3199
8303.921875,3200
8304.140625,3201
8304.421875,3202
8304.890625,3203
8305.125,3204
8305.4375,3205
8305.6875,3206
8306.09375,3207
8306.390625,3208
8306.640625,3209
8307.3125,3210
8307.6875,3211
8308.28125,3212
8308.765625,3213
8309.359375,3214
8309.6875,3215
8310.15625,3216
8310.453125,3217
8311.03125,3218
8311.421875,3219
8311.796875,3220
8312.125,3221
8312.375,3222
8312.671875,3223
8313.203125,3224
8315.859375,3225
8316.421875,3226
8316.78125,3227
8317.015625,3228
8317.28125,3229
8317.65625,3230
8318.59375,3231
8319.1875,3232
8319.640625,3233
8319.984375,3234
8321.296875,3235
8324.15625,3236
8324.65625,3237
8324.875,3238
8325.09375,3239
8325.421875,3240
8325.828125,3241
8326.34375,3242
8326.578125,3243
8326.96875,3244
8328.15625,3245
8328.515625,3246
8329.203125,3247
8329.625,3248
8330.03125,3249
8330.375,3250
8330.640625,3251
8331.28125,3252
8331.546875,3253
8332.078125,3254
8333.140625,3255
8333.671875,3256
8334.890625,3257
8335.34375,3258
8335.578125,3259
8335.828125,3260
8336.21875,3261
8336.453125,3262
8337.0,3263
8337.5625,3264
8337.953125,3265
8338.71875,3266
8339.40625,3267
8339.640625,3268
8339.90625,3269
8340.25,3270
8340.546875,3271
8341.15625,3272
8341.375,3273
8341.59375,3274
8341.8125,3275
8342.203125,3276
8342.84375,3277
8343.375,3278
8344.109375,3279
8344.703125,3280
8345.796875,3281
8346.40625,3282
8346.875,3283
8347.578125,3284
8349.265625,3285
8350.890625,3286
8351.171875,3287
8351.484375,3288
8352.8125,3289
8353.25,3290
8355.03125,3291
8355.515625,3292
8356.625,3293
8358.390625,3294
8359.375,3295
8360.046875,3296
8360.3125,3297
8360.875,3298
8361.140625,3299
8361.4375,3300
8362.1875,3301
8362.4375,3302
8363.6875,3303
8364.75,3304
8365.234375,3305
8368.5,3306
8368.765625,3307
8369.015625,3308
8369.59375,3309
8370.203125,3310
8370.46875,3311
8370.703125,3312
8374.984375,3313
8376.03125,3314
8377.6875,3315
8378.21875,3316
8379.28125,3317
8379.875,3318
8380.1875,3319
8380.671875,3320
8381.140625,3321
8381.828125,3322
8382.125,3323
8382.5,3324
8382.8125,3325
8384.09375,3326
8385.125,3327
8385.6875,3328
8386.734375,3329
8387.015625,3330
8387.234375,3331
8387.453125,3332
8388.125,3333
8388.375,3334
8388.78125,3335
8389.0,3336
8389.921875,3337
8391.703125,3338
8392.75,3339
8393.3125,3340
8394.34375,3341
8395.5625,3342
8396.25,3343
8397.3125,3344
8398.78125,3345
8399.5,3346
8401.046875,3347
8401.3125,3348
8402.125,3349
8403.1875,3350
8403.40625,3351
8403.6875,3352
8406.671875,3353
8407.109375,3354
8408.265625,3355
8408.671875,3356
8408.890625,3357
8409.40625,3358
8409.9375,3359
8411.265625,3360
8412.3125,3361
8412.578125,3362
8413.375,3363
8413.921875,3364
8414.25,3365
8414.46875,3366
8415.140625,3367
8415.4375,3368
8417.453125,3369
8417.75,3370
8419.578125,3371
8421.4375,3372
8421.703125,3373
8422.3125,3374
8423.21875,3375
8423.9375,3376
8424.3125,3377
8424.859375,3378
8425.40625,3379
8426.46875,3380
8427.328125,3381
8429.296875,3382
8429.75,3383
8430.375,3384
8430.609375,3385
8432.203125,3386
8432.515625,3387
8433.765625,3388
8433.984375,3389
8434.4375,3390
8435.03125,3391
8436.140625,3392
8436.640625,3393
8437.375,3394
8437.84375,3395
8438.421875,3396
8439.015625,3397
8439.28125,3398
8439.578125,3399
8439.859375,3400
8441.125,3401
8442.03125,3402
8443.765625,3403
8444.34375,3404
8446.15625,3405
8447.25,3406
8447.78125,3407
8449.421875,3408
8450.0,3409
8451.765625,3410
8452.90625,3411
8454.078125,3412
8454.46875,3413
8455.59375,3414
8456.734375,3415
8457.234375,3416
8458.546875,3417
8459.671875,3418
8460.15625,3419
8462.0,3420
8463.09375,3421
8463.34375,3422
8463.59375,3423
8464.078125,3424
8464.328125,3425
8464.59375,3426
8465.25,3427
8467.75,3428
8468.046875,3429
8468.28125,3430
8468.546875,3431
8469.1875,3432
8469.515625,3433
8470.453125,3434
8471.078125,3435
8471.5,3436
8472.515625,3437
8473.25,3438
8474.421875,3439
8477.78125,3440
8478.28125,3441
8479.4375,3442
8479.734375,3443
8480.578125,3444
8480.859375,3445
8481.15625,3446
8481.71875,3447
8483.703125,3448
8484.828125,3449
8486.515625,3450
8487.328125,3451
8488.84375,3452
8493.796875,3453
8494.5,3454
8494.9375,3455
8497.0,3456
8497.5625,3457
8499.1875,3458
8499.5,3459
8499.796875,3460
8500.421875,3461
8500.984375,3462
8502.625,3463
8503.609375,3464
8503.9375,3465
8504.203125,3466
8504.453125,3467
8504.671875,3468
8504.984375,3469
8505.515625,3470
8506.34375,3471
8506.578125,3472
8506.84375,3473
8507.28125,3474
8507.671875,3475
8507.953125,3476
8508.421875,3477
8508.9375,3478
8509.546875,3479
8511.359375,3480
8512.46875,3481
8512.953125,3482
8513.3125,3483
8513.75,3484
8515.828125,3485
8520.296875,3486
8522.171875,3487
8523.921875,3488
8525.609375,3489
8526.75,3490
8527.5625,3491
8529.90625,3492
8532.1875,3493
8533.265625,3494
8534.6875,3495
8535.234375,3496
8536.25,3497
8537.171875,3498
8537.453125,3499
8538.359375,3500
8538.671875,3501
8539.234375,3502
8539.453125,3503
8540.34375,3504
8541.4375,3505
8543.09375,3506
8543.625,3507
8545.078125,3508
8546.265625,3509
8547.78125,3510
8548.109375,3511
8548.734375,3512
8549.125,3513
8550.78125,3514
8551.8125,3515
8552.796875,3516
8553.25,3517
8554.421875,3518
8555.34375,3519
8556.5,3520
8557.390625,3521
8558.40625,3522
8558.9375,3523
8559.515625,3524
8560.5,3525
8562.703125,3526
8564.265625,3527
8566.390625,3528
8567.453125,3529
8567.71875,3530
8571.21875,3531
8571.5625,3532
8571.796875,3533
8572.0625,3534
8573.859375,3535
8575.734375,3536
8577.59375,3537
8578.265625,3538
8578.75,3539
8579.359375,3540
8579.859375,3541
8580.90625,3542
8581.953125,3543
8582.5625,3544
8583.0,3545
8584.03125,3546
8584.515625,3547
8584.921875,3548
8586.0625,3549
8586.59375,3550
8586.984375,3551
8588.109375,3552
8590.21875,3553
8590.46875,3554
8591.59375,3555
8592.6875,3556
8595.75,3557
8596.265625,3558
8597.796875,3559
8598.015625,3560
8598.296875,3561
8598.828125,3562
8599.140625,3563
8599.625,3564
8599.859375,3565
8600.484375,3566
8600.921875,3567
8601.78125,3568
8602.859375,3569
8604.21875,3570
8604.8125,3571
8605.46875,3572
8605.96875,3573
8606.25,3574
8608.140625,3575
8608.5625,3576
8609.625,3577
8610.046875,3578
8611.046875,3579
8611.375,3580
8611.59375,3581
8612.125,3582
8614.90625,3583
8615.203125,3584
8615.703125,3585
8616.140625,3586
8616.609375,3587
8617.546875,3588
8618.125,3589
8618.96875,3590
8619.265625,3591
8619.5625,3592
8619.859375,3593
8620.140625,3594
8620.4375,3595
8621.265625,3596
8621.8125,3597
8622.890625,3598
8623.390625,3599
8623.65625,3600
8624.578125,3601
8624.875,3602
8625.125,3603
8627.15625,3604
8627.640625,3605
8627.953125,3606
8628.234375,3607
8628.46875,3608
8628.828125,3609
8629.75,3610
8630.984375,3611
8632.328125,3612
8632.546875,3613
8632.84375,3614
8633.0625,3615
8633.53125,3616
8635.046875,3617
8635.265625,3618
8636.15625,3619
8637.28125,3620
8637.5,3621
8638.640625,3622
8638.953125,3623
8640.28125,3624
8640.65625,3625
8641.25,3626
8643.34375,3627
8644.34375,3628
8644.921875,3629
8645.203125,3630
8646.453125,3631
8646.890625,3632
8647.25,3633
8648.140625,3634
8648.40625,3635
8648.859375,3636
8649.28125,3637
8649.515625,3638
8649.8125,3639
8650.484375,3640
8651.4375,3641
8653.46875,3642
8654.125,3643
8654.515625,3644
8654.859375,3645
8655.421875,3646
8655.90625,3647
8656.15625,3648
8656.40625,3649
8656.875,3650
8657.421875,3651
8658.015625,3652
8658.859375,3653
8659.859375,3654
8660.734375,3655
8661.015625,3656
8661.609375,3657
8662.015625,3658
8662.234375,3659
8662.515625,3660
8663.796875,3661
8664.203125,3662
8665.0,3663
8665.484375,3664
8666.015625,3665
8666.28125,3666
8667.03125,3667
8667.65625,3668
8668.078125,3669
8668.625,3670
8669.734375,3671
8670.046875,3672
8670.359375,3673
8670.703125,3674
8671.21875,3675
8671.890625,3676
8672.78125,3677
8673.015625,3678
8673.328125,3679
8673.578125,3680
8674.8125,3681
8675.03125,3682
8675.828125,3683
8676.28125,3684
8676.890625,3685
8677.390625,3686
8677.84375,3687
8678.40625,3688
8679.71875,3689
8680.015625,3690
8680.484375,3691
8681.171875,3692
8681.796875,3693
8682.21875,3694
8682.703125,3695
8683.1875,3696
8685.796875,3697
8686.3125,3698
8686.5625,3699
8687.03125,3700
8689.40625,3701
8690.796875,3702
8691.078125,3703
8692.34375,3704
8693.46875,3705
8693.6875,3706
8694.21875,3707
8695.421875,3708
8696.65625,3709
8697.140625,3710
8698.171875,3711
8698.796875,3712
8699.03125,3713
8699.453125,3714
8699.703125,3715
8700.265625,3716
8700.6875,3717
8701.265625,3718
8701.90625,3719
8702.9375,3720
8703.328125,3721
8704.828125,3722
8705.890625,3723
8706.171875,3724
8707.1875,3725
8707.984375,3726
8708.203125,3727
8708.4375,3728
8709.046875,3729
8710.921875,3730
8711.609375,3731
8713.3125,3732
8713.546875,3733
8717.140625,3734
8717.9375,3735
8718.578125,3736
8719.515625,3737
8719.859375,3738
8721.53125,3739
8722.234375,3740
8722.46875,3741
8724.546875,3742
8725.296875,3743
8726.421875,3744
8727.6875,3745
8728.375,3746
8729.0,3747
8729.40625,3748
8730.6875,3749
8733.4375,3750
8737.078125,3751
8738.203125,3752
8738.6875,3753
8740.53125,3754
8741.0,3755
8743.0625,3756
8743.5625,3757
8745.25,3758
8745.8125,3759
8746.46875,3760
8746.75,3761
8748.734375,3762
8748.953125,3763
8749.234375,3764
8749.65625,3765
8749.875,3766
8750.21875,3767
8750.453125,3768
8750.734375,3769
8752.6875,3770
8753.421875,3771
8754.75,3772
8756.171875,3773
8756.921875,3774
8757.1875,3775
8757.78125,3776
8758.375,3777
8758.59375,3778
8758.875,3779
8767.328125,3780
8771.90625,3781
8772.359375,3782
8775.71875,3783
8776.09375,3784
8776.65625,3785
8777.078125,3786
8778.0625,3787
8778.609375,3788
8782.390625,3789
8782.6875,3790
8785.90625,3791
8790.578125,3792
8795.4375,3793
8796.53125,3794
8796.953125,3795
8797.578125,3796
8797.96875,3797
8798.1875,3798
8798.6875,3799
8799.09375,3800
8799.5625,3801
8800.328125,3802
8802.6875,3803
8803.515625,3804
8804.59375,3805
8805.625,3806
8805.921875,3807
8806.15625,3808
8806.578125,3809
8807.734375,3810
8808.015625,3811
8809.109375,3812
8810.015625,3813
8810.3125,3814
8810.5625,3815
8811.171875,3816
8811.484375,3817
8812.28125,3818
8812.578125,3819
8813.15625,3820
8813.453125,3821
8816.390625,3822
8818.484375,3823
8818.796875,3824
8819.03125,3825
8819.328125,3826
8819.546875,3827
8822.375,3828
8822.90625,3829
8824.984375,3830
8828.78125,3831
8829.5625,3832
8834.875,3833
8838.015625,3834
8840.0,3835
8840.46875,3836
8841.46875,3837
8842.5625,3838
8843.484375,3839
8846.125,3840
8846.90625,3841
8847.59375,3842
8848.6875,3843
8849.984375,3844
8851.3125,3845
8853.84375,3846
8854.375,3847
8860.765625,3848
8861.09375,3849
8862.15625,3850
8869.828125,3851
8870.78125,3852
8875.65625,3853
8875.890625,3854
8876.40625,3855
8877.34375,3856
8877.609375,3857
8878.71875,3858
8878.9375,3859
8879.1875,3860
8879.40625,3861
8881.5625,3862
8882.046875,3863
8882.265625,3864
8882.578125,3865
8882.875,3866
8885.3125,3867
8887.59375,3868
8888.671875,3869
8888.9375,3870
8889.171875,3871
8889.421875,3872
8891.21875,3873
8891.53125,3874
8891.859375,3875
8892.453125,3876
8892.71875,3877
8892.984375,3878
8893.25,3879
8893.515625,3880
8895.234375,3881
8895.46875,3882
8899.375,3883
8903.078125,3884
8905.234375,3885
8907.828125,3886
8910.3125,3887
8913.984375,3888
8914.21875,3889
8914.859375,3890
8916.515625,3891
8917.015625,3892
8919.59375,3893
8921.140625,3894
8921.859375,3895
8922.640625,3896
8922.984375,3897
8923.40625,3898
8924.859375,3899
8925.71875,3900
8926.03125,3901
8926.921875,3902
8927.734375,3903
8928.359375,3904
8928.671875,3905
8929.015625,3906
8929.5,3907
8929.84375,3908
8930.265625,3909
8930.5,3910
8930.90625,3911
8931.1875,3912
8931.828125,3913
8932.265625,3914
8932.921875,3915
8933.21875,3916
8933.4375,3917
8935.875,3918
8936.546875,3919
8939.015625,3920
8940.296875,3921
8941.21875,3922
8941.4375,3923
8941.984375,3924
8942.953125,3925
8944.71875,3926
8945.109375,3927
8945.359375,3928
8947.6875,3929
8947.921875,3930
8949.578125,3931
8951.84375,3932
8953.171875,3933
8953.4375,3934
8953.921875,3935
8956.90625,3936
8957.203125,3937
8957.734375,3938
8960.609375,3939
8962.5,3940
8963.28125,3941
8968.625,3942
8969.375,3943
8969.765625,3944
8970.265625,3945
8971.609375,3946
8972.09375,3947
8974.265625,3948
8974.53125,3949
8975.375,3950
8978.09375,3951
8978.609375,3952
8979.21875,3953
8979.734375,3954
8979.984375,3955
8980.203125,3956
8980.6875,3957
8980.984375,3958
8981.59375,3959
8982.03125,3960
8982.40625,3961
8982.828125,3962
8983.328125,3963
8983.71875,3964
8984.1875,3965
8984.515625,3966
8984.765625,3967
8984.984375,3968
8985.34375,3969
8986.4375,3970
8986.6875,3971
8986.984375,3972
8987.203125,3973
8987.421875,3974
8987.96875,3975
8988.1875,3976
8990.640625,3977
8995.40625,3978
9125.90625,3979
9126.65625,3980
9126.96875,3981
9128.265625,3982
9129.03125,3983
9129.484375,3984
9130.234375,3985
9130.796875,3986
9139.3125,3987
9139.921875,3988
9140.671875,3989
9141.203125,3990
9141.78125,3991
9142.359375,3992
9142.890625,3993
9143.46875,3994
9143.96875,3995
9144.53125,3996
9145.0625,3997
9145.625,3998
9146.140625,3999
9146.6875,4000
9147.203125,4001
9147.78125,4002
9148.25,4003
9148.890625,4004
9149.375,4005
9149.9375,4006
9150.484375,4007
9151.03125,4008
9151.5625,4009
9152.109375,4010
9152.625,4011
9153.171875,4012
9153.671875,4013
9154.28125,4014
9154.796875,4015
9155.3125,4016
9155.84375,4017
9156.296875,4018
9156.90625,4019
9157.484375,4020
9158.0,4021
9158.546875,4022
9159.09375,4023
9159.625,4024
9160.140625,4025
9160.6875,4026
9161.171875,4027
9161.65625,4028
9162.265625,4029
9162.828125,4030
9163.359375,4031
9163.875,4032
9164.421875,4033
9164.984375,4034
9165.46875,4035
9166.03125,4036
9166.5,4037
9167.046875,4038
9167.5625,4039
9168.078125,4040
9168.578125,4041
9169.109375,4042
9169.625,4043
9170.1875,4044
9170.6875,4045
9171.25,4046
9171.765625,4047
9172.28125,4048
9172.796875,4049
9173.34375,4050
9173.828125,4051
9174.296875,4052
9174.90625,4053
9175.453125,4054
9175.953125,4055
9176.515625,4056
9177.0,4057
9177.578125,4058
9178.0625,4059
9178.609375,4060
9179.15625,4061
9179.65625,4062
9180.1875,4063
9180.703125,4064
9181.234375,4065
9181.6875,4066
9182.28125,4067
9182.859375,4068
9183.359375,4069
9183.90625,4070
9184.4375,4071
9184.9375,4072
9185.5,4073
9186.046875,4074
9186.53125,4075
9187.109375,4076
9187.640625,4077
9188.140625,4078
9188.671875,4079
9189.125,4080
9189.734375,4081
9190.296875,4082
9190.765625,4083
9191.328125,4084
9191.828125,4085
9192.421875,4086
9192.953125,4087
9193.484375,4088
9193.984375,4089
9194.546875,4090
9195.046875,4091
9195.609375,4092
9196.15625,4093
9196.65625,4094
9197.171875,4095
9197.75,4096
9198.296875,4097
9198.875,4098
9199.34375,4099
9199.90625,4100
9200.390625,4101
9200.953125,4102
9201.484375,4103
9201.9375,4104
9202.5625,4105
9203.140625,4106
9203.65625,4107
9204.21875,4108
9204.703125,4109
9205.28125,4110
9205.78125,4111
9206.359375,4112
9206.859375,4113
9207.453125,4114
9208.0,4115
9208.578125,4116
9209.109375,4117
9209.6875,4118
9210.203125,4119
9210.734375,4120
9211.265625,4121
9211.75,4122
9212.328125,4123
9212.8125,4124
9213.453125,4125
9213.90625,4126
9214.59375,4127
9215.0625,4128
9215.765625,4129
9216.28125,4130
9216.890625,4131
9217.40625,4132
9218.1875,4133
9223.3125,4134
9230.125,4135
9231.640625,4136
9231.921875,4137
9232.9375,4138
9233.484375,4139
9234.09375,4140
9234.671875,4141
9235.171875,4142
9235.71875,4143
9236.265625,4144
9236.84375,4145
9237.3125,4146
9237.921875,4147
9238.34375,4148
9238.828125,4149
9239.40625,4150
9240.546875,4151
9241.984375,4152
9242.59375,4153
9243.1875,4154
9243.734375,4155
9244.28125,4156
9244.765625,4157
9245.34375,4158
9245.875,4159
9246.4375,4160
9246.890625,4161
9247.421875,4162
9248.6875,4163
9249.84375,4164
9251.046875,4165
9251.515625,4166
9252.28125,4167
9252.765625,4168
9278.25,4169
9302.21875,4170
9303.671875,4171
9306.859375,4172
9307.515625,4173
9309.09375,4174
9359.125,4175
9359.421875,4176
9362.234375,4177
9362.8125,4178
9375.921875,4179
9376.234375,4180
9395.828125,4181
9400.75,4182
9401.3125,4183
9402.078125,4184
9403.296875,4185
9403.859375,4186
9404.4375,4187
9404.984375,4188
9405.5,4189
9406.171875,4190
9406.71875,4191
9407.234375,4192
9407.671875,4193
9408.234375,4194
9408.71875,4195
9409.28125,4196
9409.8125,4197
9410.40625,4198
9410.96875,4199
9411.53125,4200
9412.078125,4201
9412.765625,4202
9413.3125,4203
9413.859375,4204
9414.421875,4205
9415.0,4206
9415.5625,4207
9416.1875,4208
9416.703125,4209
9417.203125,4210
9417.6875,4211
9418.3125,4212
9418.984375,4213
9423.515625,4214
9424.171875,4215
9424.875,4216
9425.359375,4217
9426.046875,4218
9426.515625,4219
9427.21875,4220
9427.703125,4221
9428.296875,4222
9428.90625,4223
9429.625,4224
9430.171875,4225
9430.78125,4226
9431.296875,4227
9431.9375,4228
9432.484375,4229
9433.09375,4230
9433.625,4231
9434.25,4232
9434.8125,4233
9435.46875,4234
9436.0,4235
9436.671875,4236
9437.171875,4237
9437.8125,4238
9438.296875,4239
9438.9375,4240
9439.484375,4241
9440.046875,4242
9440.609375,4243
9441.25,4244
9441.765625,4245
9442.4375,4246
9442.984375,4247
9443.640625,4248
9444.15625,4249
9444.78125,4250
9445.296875,4251
9446.0,4252
9446.484375,4253
9447.09375,4254
9447.625,4255
9448.359375,4256
9448.84375,4257
9449.5,4258
9450.0625,4259
9450.75,4260
9451.25,4261
9451.921875,4262
9452.421875,4263
9453.75,4264
9454.328125,4265
9454.84375,4266
9455.4375,4267
9456.3125,4268
9475.671875,4269
9476.359375,4270
9477.09375,4271
9477.671875,4272
9478.25,4273
9478.828125,4274
9479.421875,4275
9479.90625,4276
9480.578125,4277
9481.09375,4278
9481.75,4279
9482.265625,4280
9482.875,4281
9483.40625,4282
9484.0,4283
9484.546875,4284
9485.140625,4285
9485.6875,4286
9486.21875,4287
9486.8125,4288
9487.515625,4289
9487.96875,4290
9488.59375,4291
9489.203125,4292
9489.71875,4293
9490.25,4294
9490.875,4295
9491.375,4296
9491.9375,4297
9492.484375,4298
9493.0625,4299
9493.609375,4300
9494.171875,4301
9494.71875,4302
9495.296875,4303
9495.859375,4304
9496.390625,4305
9496.90625,4306
9497.5,4307
9498.015625,4308
9498.59375,4309
9499.125,4310
9499.703125,4311
9500.265625,4312
9500.828125,4313
9501.359375,4314
9501.921875,4315
9502.4375,4316
9503.03125,4317
9503.5625,4318
9504.1875,4319
9504.71875,4320
9505.328125,4321
9505.828125,4322
9506.390625,4323
9506.921875,4324
9507.484375,4325
9508.046875,4326
9508.578125,4327
9509.140625,4328
9509.71875,4329
9510.3125,4330
9510.84375,4331
9511.375,4332
9511.9375,4333
9512.5,4334
9513.03125,4335
9513.53125,4336
9514.109375,4337
9514.671875,4338
9515.21875,4339
9515.78125,4340
9516.359375,4341
9516.953125,4342
9517.484375,4343
9518.03125,4344
9518.578125,4345
9519.109375,4346
9519.625,4347
9520.234375,4348
9520.8125,4349
9521.359375,4350
9521.921875,4351
9522.328125,4352
9522.609375,4353
9523.0625,4354
9523.46875,4355
9523.875,4356
9524.203125,4357
9524.578125,4358
9525.015625,4359
9525.484375,4360
9525.96875,4361
9526.453125,4362
9526.984375,4363
9527.5,4364
9528.015625,4365
9528.53125,4366
9529.015625,4367
9529.484375,4368
9530.0625,4369
9530.5625,4370
9531.109375,4371
9531.609375,4372
9532.15625,4373
9532.671875,4374
9533.203125,4375
9533.734375,4376
9534.25,4377
9534.765625,4378
9535.328125,4379
9535.859375,4380
9536.390625,4381
9536.859375,4382
9537.4375,4383
9537.96875,4384
9538.484375,4385
9539.015625,4386
9539.5625,4387
9540.09375,4388
9540.625,4389
9541.171875,4390
9541.71875,4391
9542.234375,4392
9542.796875,4393
9543.34375,4394
9543.859375,4395
9544.421875,4396
9544.96875,4397
9545.5,4398
9546.109375,4399
9546.640625,4400
9547.171875,4401
9547.703125,4402
9548.25,4403
9548.78125,4404
9549.3125,4405
9549.84375,4406
9550.421875,4407
9550.953125,4408
9551.5,4409
9552.03125,4410
9552.578125,4411
9553.109375,4412
9553.6875,4413
9554.203125,4414
9554.734375,4415
9555.28125,4416
9555.84375,4417
9556.375,4418
9556.90625,4419
9557.4375,4420
9558.015625,4421
9558.546875,4422
9559.09375,4423
9559.609375,4424
9560.1875,4425
9560.71875,4426
9561.25,4427
9561.8125,4428
9562.34375,4429
9562.90625,4430
9563.484375,4431
9564.015625,4432
9564.59375,4433
9565.125,4434
9565.640625,4435
9566.203125,4436
9566.765625,4437
9567.296875,4438
9567.875,4439
9568.421875,4440
9568.984375,4441
9569.578125,4442
9570.03125,4443
9570.578125,4444
9571.15625,4445
9571.6875,4446
9572.25,4447
9572.796875,4448
9573.359375,4449
9573.984375,4450
9574.578125,4451
9575.125,4452
9576.3125,4453
9577.078125,4454
9577.75,4455
9578.46875,4456
9579.1875,4457
9579.84375,4458
9580.46875,4459
9581.0625,4460
9581.703125,4461
9582.390625,4462
9582.90625,4463
9583.5625,4464
9584.203125,4465
9584.671875,4466
9586.328125,4467
9587.046875,4468
9588.265625,4469
9588.984375,4470
9589.421875,4471
9590.046875,4472
9590.609375,4473
9591.1875,4474
9591.71875,4475
9592.3125,4476
9592.859375,4477
9593.40625,4478
9594.015625,4479
9594.5625,4480
9595.078125,4481
9595.671875,4482
9596.234375,4483
9596.796875,4484
9597.328125,4485
9597.921875,4486
9598.5,4487
9599.0,4488
9599.625,4489
9600.125,4490
9600.703125,4491
9601.3125,4492
9601.9375,4493
9602.484375,4494
9603.03125,4495
9603.59375,4496
9604.140625,4497
9604.671875,4498
9605.265625,4499
9605.828125,4500
9606.390625,4501
9606.921875,4502
9607.5,4503
9608.03125,4504
9608.546875,4505
9609.09375,4506
9609.65625,4507
9610.21875,4508
9610.78125,4509
9611.3125,4510
9611.890625,4511
9612.453125,4512
9613.0625,4513
9613.578125,4514
9614.21875,4515
9615.1875,4516
9616.828125,4517
9617.53125,4518
9618.28125,4519
9618.953125,4520
9619.515625,4521
9619.984375,4522
9620.5625,4523
9621.75,4524
9653.84375,4525
9654.109375,4526
9657.53125,4527
9658.65625,4528
9659.9375,4529
9660.59375,4530
9684.03125,4531
9684.765625,4532
9687.015625,4533
9687.703125,4534
9688.234375,4535
9688.8125,4536
9689.421875,4537
9689.96875,4538
9690.53125,4539
9691.09375,4540
9691.65625,4541
9692.203125,4542
9692.75,4543
9693.328125,4544
9693.90625,4545
9694.421875,4546
9695.015625,4547
9695.578125,4548
9696.109375,4549
9696.65625,4550
9697.1875,4551
9697.6875,4552
9698.265625,4553
9698.8125,4554
9699.34375,4555
9699.953125,4556
9700.59375,4557
9701.1875,4558
9701.78125,4559
9702.3125,4560
9702.8125,4561
9703.34375,4562
9703.9375,4563
9704.46875,4564
9705.03125,4565
9705.546875,4566
9706.09375,4567
9706.625,4568
9707.1875,4569
9707.671875,4570
9708.234375,4571
9708.78125,4572
9709.328125,4573
9709.84375,4574
9710.40625,4575
9710.953125,4576
9711.546875,4577
9712.078125,4578
9713.5625,4579
9714.265625,4580
9714.828125,4581
9715.40625,4582
9716.203125,4583
9716.9375,4584
9717.734375,4585
9718.9375,4586
9719.484375,4587
9726.15625,4588
9746.515625,4589
9747.125,4590
9753.15625,4591
9760.984375,4592
9762.40625,4593
9808.71875,4594
9810.125,4595
9811.21875,4596
9811.796875,4597
9820.5,4598
9820.796875,4599
9821.109375,4600
9840.40625,4601
9887.078125,4602
9928.28125,4603
9965.0,4604
10778.375,4605
10787.0625,4606
10791.078125,4607
10799.5625,4608
10802.328125,4609
10809.796875,4610
10813.421875,4611
10843.765625,4612
10859.046875,4613
10916.796875,4614
10917.90625,4615
10923.09375,4616
10925.796875,4617
10938.953125,4618
10953.734375,4619
10955.015625,4620
10971.59375,4621
10977.859375,4622
10999.359375,4623
11000.78125,4624
11001.390625,4625
11001.921875,4626
11002.46875,4627
11003.03125,4628
11003.578125,4629
11004.109375,4630
11004.703125,4631
11005.234375,4632
11016.40625,4633
11021.875,4634
11023.25,4635
11023.90625,4636
11024.28125,4637
11025.5625,4638
11026.046875,4639
11030.078125,4640
11033.765625,4641
11034.421875,4642
11035.25,4643
11035.75,4644
11039.4375,4645
11053.921875,4646
11054.53125,4647
11055.65625,4648
11056.796875,4649
11057.09375,4650
11059.453125,4651
11060.15625,4652
11061.046875,4653
11062.140625,4654
11062.75,4655
11063.28125,4656
11063.859375,4657
11064.40625,4658
11064.921875,4659
11065.546875,4660
11066.078125,4661
11066.671875,4662
11067.265625,4663
11067.828125,4664
11069.03125,4665
11069.65625,4666
11070.171875,4667
11070.765625,4668
11071.3125,4669
11072.53125,4670
11073.671875,4671
11076.453125,4672
11077.640625,4673
11078.84375,4674
11080.015625,4675
11080.625,4676
11081.203125,4677
11083.578125,4678
11084.734375,4679
11085.953125,4680
11088.359375,4681
11089.546875,4682
11093.859375,4683
11097.703125,4684
11098.40625,4685
11114.484375,4686
11115.359375,4687
11125.234375,4688
11126.515625,4689
11162.125,4690
11162.453125,4691
11181.0,4692
11195.6875,4693
11291.40625,4694
12492.015625,4695
13079.5625,4696
13079.890625,4697
14126.671875,4698
14128.671875,4699
14129.265625,4700
14130.484375,4701
14131.34375,4702
14132.625,4703
14133.8125,4704
14135.015625,4705
14136.3125,4706
14136.796875,4707
14138.109375,4708
14205.921875,4709
14232.984375,4710
14234.28125,4711
14234.6875,4712
14235.40625,4713
14236.0,4714
14236.5625,4715
14237.09375,4716
14237.640625,4717
14238.234375,4718
14238.75,4719
14239.390625,4720
14240.703125,4721
14241.296875,4722
14241.890625,4723
14242.296875,4724
14243.015625,4725
14321.21875,4726
14525.1875,4727
14529.390625,4728
14529.921875,4729
14530.453125,4730
14531.703125,4731
14532.875,4732
14533.421875,4733
14534.015625,4734
14534.609375,4735
14535.171875,4736
14535.765625,4737
14536.296875,4738
14537.546875,4739
14538.8125,4740
14562.703125,4741
14563.828125,4742
14565.078125,4743
14566.203125,4744
14566.859375,4745
14595.59375,4746
14597.46875,4747
14599.921875,4748
14620.96875,4749
14642.421875,4750
14644.1875,4751
14644.96875,4752
14645.5,4753
14646.078125,4754
14646.609375,4755
14647.171875,4756
14647.71875,4757
14648.21875,4758
14648.75,4759
14649.28125,4760
14649.859375,4761
14650.34375,4762
14650.921875,4763
14651.5,4764
14652.046875,4765
14652.890625,4766
14653.421875,4767
14653.90625,4768
14654.453125,4769
14655.0,4770
14655.484375,4771
14656.046875,4772
14656.4375,4773
14657.078125,4774
14657.640625,4775
14658.171875,4776
14658.71875,4777
14659.265625,4778
14659.78125,4779
14660.296875,4780
14660.859375,4781
14661.390625,4782
14661.890625,4783
14662.453125,4784
14663.03125,4785
14663.5625,4786
14664.046875,4787
14664.578125,4788
14665.09375,4789
14665.640625,4790
14666.15625,4791
14666.671875,4792
14667.1875,4793
14667.71875,4794
14668.21875,4795
14668.796875,4796
14669.3125,4797
14669.84375,4798
14670.25,4799
14670.46875,4800
14670.90625,4801
14671.4375,4802
14671.984375,4803
14672.46875,4804
14672.9375,4805
14673.546875,4806
14673.890625,4807
14674.171875,4808
14674.453125,4809
14674.734375,4810
14675.0,4811
14675.28125,4812
14675.546875,4813
14675.78125,4814
14676.046875,4815
14676.375,4816
14676.75,4817
14677.09375,4818
14677.515625,4819
14678.03125,4820
14678.515625,4821
14679.125,4822
14679.40625,4823
14679.640625,4824
14679.921875,4825
14680.28125,4826
14680.796875,4827
14681.078125,4828
14681.328125,4829
14681.546875,4830
14681.84375,4831
14682.125,4832
14682.5,4833
14683.75,4834
14684.34375,4835
14684.890625,4836
14685.40625,4837
14685.90625,4838
14686.453125,4839
14686.9375,4840
14687.4375,4841
14687.921875,4842
14688.40625,4843
14688.859375,4844
14689.34375,4845
14689.8125,4846
14690.328125,4847
14690.78125,4848
14691.296875,4849
14691.796875,4850
14692.3125,4851
14692.78125,4852
14693.28125,4853
14693.796875,4854
14694.3125,4855
14694.78125,4856
14695.28125,4857
14695.8125,4858
14696.3125,4859
14696.875,4860
14697.375,4861
14697.921875,4862
14698.40625,4863
14698.96875,4864
14699.46875,4865
14700.015625,4866
14700.546875,4867
14700.96875,4868
14701.1875,4869
14701.65625,4870
14702.171875,4871
14702.71875,4872
14703.25,4873
14703.78125,4874
14704.296875,4875
14704.8125,4876
14705.28125,4877
14705.84375,4878
14706.328125,4879
14706.90625,4880
14707.40625,4881
14707.96875,4882
14708.5625,4883
14709.125,4884
14709.65625,4885
14710.109375,4886
14710.828125,4887
14711.421875,4888
14711.96875,4889
14712.515625,4890
14713.046875,4891
14713.9375,4892
14718.359375,4893
14719.9375,4894
14720.453125,4895
14721.765625,4896
14723.421875,4897
14723.96875,4898
14724.53125,4899
14725.015625,4900
14725.75,4901
14726.234375,4902
14727.1875,4903
14728.375,4904
14728.671875,4905
14728.890625,4906
14739.046875,4907
14739.609375,4908
14740.15625,4909
14744.53125,4910
14756.53125,4911
14757.078125,4912
14757.609375,4913
14758.140625,4914
14758.625,4915
14759.15625,4916
14759.65625,4917
14760.140625,4918
14760.640625,4919
14761.15625,4920
14761.671875,4921
14762.140625,4922
14762.671875,4923
14763.1875,4924
14763.671875,4925
14764.1875,4926
14764.71875,4927
14765.203125,4928
14765.6875,4929
14766.203125,4930
14766.703125,4931
14767.1875,4932
14767.6875,4933
14768.203125,4934
14768.71875,4935
14769.1875,4936
14769.6875,4937
14770.171875,4938
14770.6875,4939
14771.171875,4940
14771.6875,4941
14772.21875,4942
14772.71875,4943
14773.203125,4944
14773.75,4945
14774.234375,4946
14774.78125,4947
14775.265625,4948
14775.796875,4949
14776.296875,4950
14776.828125,4951
14777.34375,4952
14777.84375,4953
14778.359375,4954
14778.796875,4955
14779.453125,4956
14780.0,4957
14780.40625,4958
14780.640625,4959
14781.171875,4960
14782.578125,4961
14782.984375,4962
14783.375,4963
14784.03125,4964
14784.5625,4965
14785.09375,4966
14785.4375,4967
14785.75,4968
14786.359375,4969
14786.71875,4970
14787.171875,4971
14787.53125,4972
14787.96875,4973
14788.5,4974
14788.859375,4975
14789.375,4976
14789.90625,4977
14790.4375,4978
14790.875,4979
14791.421875,4980
14791.75,4981
14792.109375,4982
14792.484375,4983
14792.859375,4984
14793.25,4985
14793.609375,4986
14794.0,4987
14794.375,4988
14794.765625,4989
14795.21875,4990
14795.59375,4991
14796.109375,4992
14796.65625,4993
14797.15625,4994
14797.703125,4995
14798.21875,4996
14798.78125,4997
14799.296875,4998
14799.84375,4999
14800.375,5000
14800.890625,5001
14801.4375,5002
14801.9375,5003
14802.5,5004
14803.0,5005
14803.546875,5006
14804.109375,5007
14804.625,5008
14805.140625,5009
14805.71875,5010
14806.265625,5011
14806.8125,5012
14807.296875,5013
14807.875,5014
14808.421875,5015
14809.03125,5016
14809.578125,5017
14810.15625,5018
14810.65625,5019
14811.265625,5020
14811.796875,5021
14812.359375,5022
14812.921875,5023
14813.484375,5024
14814.046875,5025
14814.578125,5026
14815.234375,5027
14815.765625,5028
14817.921875,5029
14818.5,5030
14819.015625,5031
14819.5625,5032
14820.078125,5033
14820.59375,5034
14821.171875,5035
14821.734375,5036
14822.296875,5037
14822.71875,5038
14823.40625,5039
14823.953125,5040
14824.546875,5041
14825.765625,5042
14826.90625,5043
14830.25,5044
14831.0,5045
15244.859375,5046
15245.234375,5047
15597.890625,5048
15945.78125,5049
17880.78125,5050
18859.6875,5051
19670.265625,5052
19683.078125,5053
19695.265625,5054
19697.15625,5055
19697.875,5056
19704.703125,5057
19705.53125,5058
19706.921875,5059
19708.140625,5060
19709.390625,5061
19710.65625,5062
19711.890625,5063
19713.09375,5064
19714.34375,5065
19715.53125,5066
19716.15625,5067
19716.734375,5068
19717.328125,5069
19717.90625,5070
19719.140625,5071
19720.28125,5072
19720.8125,5073
19721.484375,5074
19722.078125,5075
19722.6875,5076
19723.28125,5077
19723.875,5078
19724.46875,5079
19725.046875,5080
19725.671875,5081
19726.234375,5082
19726.90625,5083
19727.46875,5084
19728.09375,5085
19728.71875,5086
19729.90625,5087
19730.5,5088
19731.078125,5089
19731.671875,5090
19732.234375,5091
19733.40625,5092
19733.96875,5093
19734.578125,5094
19735.75,5095
19736.28125,5096
19736.953125,5097
19737.546875,5098
19738.09375,5099
19739.265625,5100
19739.84375,5101
19740.390625,5102
19741.421875,5103
19741.640625,5104
19742.203125,5105
19742.734375,5106
19743.90625,5107
19744.453125,5108
19745.046875,5109
19745.5625,5110
19746.203125,5111
19746.75,5112
19747.359375,5113
19747.90625,5114
19748.515625,5115
19749.03125,5116
19749.671875,5117
19750.234375,5118
19750.84375,5119
19752.015625,5120
19753.1875,5121
19754.328125,5122
19754.921875,5123
19755.46875,5124
19756.65625,5125
19757.21875,5126
19757.765625,5127
19758.34375,5128
19758.96875,5129
19760.171875,5130
19761.390625,5131
19762.59375,5132
19763.875,5133
19765.0625,5134
19765.609375,5135
19766.265625,5136
19767.484375,5137
19768.671875,5138
19769.921875,5139
19771.15625,5140
19772.34375,5141
19773.5625,5142
19774.765625,5143
19775.890625,5144
19777.078125,5145
19777.71875,5146
19778.265625,5147
19779.515625,5148
19780.65625,5149
19781.453125,5150
19782.265625,5151
19787.59375,5152
19788.796875,5153
19845.28125,5154
19846.75,5155
19851.4375,5156
19854.40625,5157
19856.0625,5158
19872.875,5159
19883.375,5160
19913.359375,5161
19914.15625,5162
19914.765625,5163
19915.8125,5164
19917.75,5165
19918.3125,5166
19918.9375,5167
19919.5,5168
19920.6875,5169
19921.25,5170
19922.0625,5171
19922.59375,5172
19923.171875,5173
19923.796875,5174
19924.359375,5175
19924.921875,5176
19925.46875,5177
19926.015625,5178
19926.390625,5179
19926.859375,5180
19927.265625,5181
19927.859375,5182
19928.3125,5183
19928.84375,5184
19929.46875,5185
19930.046875,5186
19930.609375,5187
19931.171875,5188
19931.734375,5189
19932.1875,5190
19932.625,5191
19933.078125,5192
19933.5625,5193
19934.171875,5194
19934.59375,5195
19935.015625,5196
19935.40625,5197
19935.734375,5198
19936.015625,5199
19938.484375,5200
19939.6875,5201
19940.25,5202
19940.828125,5203
19941.390625,5204
19941.9375,5205
19942.484375,5206
19943.0625,5207
19943.640625,5208
19944.203125,5209
19944.796875,5210
19945.34375,5211
19945.921875,5212
19946.484375,5213
19946.90625,5214
19947.65625,5215
19948.875,5216
19949.328125,5217
19950.09375,5218
19951.34375,5219
19952.625,5220
20006.59375,5221
20006.96875,5222
20013.328125,5223
20014.90625,5224
20015.46875,5225
20016.140625,5226
20017.484375,5227
20018.71875,5228
20019.953125,5229
20020.515625,5230
20021.125,5231
20021.703125,5232
20022.265625,5233
20022.890625,5234
20023.484375,5235
20024.09375,5236
20024.671875,5237
20025.28125,5238
20025.84375,5239
20027.03125,5240
20028.21875,5241
20029.40625,5242
20030.53125,5243
20031.609375,5244
20033.046875,5245
20034.25,5246
20034.71875,5247
20035.6875,5248
20036.09375,5249
20036.796875,5250
20037.453125,5251
20038.421875,5252
20039.140625,5253
20040.0625,5254
20040.46875,5255
20042.0625,5256
20042.5625,5257
20043.296875,5258
20044.34375,5259
20045.96875,5260
20047.359375,5261
20048.71875,5262
20050.109375,5263
20051.078125,5264
20051.46875,5265
20052.875,5266
20053.90625,5267
20054.546875,5268
20055.171875,5269
20055.75,5270
20056.859375,5271
20059.703125,5272
20060.328125,5273
20060.921875,5274
20066.25,5275
20067.578125,5276
20068.8125,5277
20070.953125,5278
20071.828125,5279
20073.03125,5280
20073.59375,5281
20074.15625,5282
20074.6875,5283
20075.25,5284
20075.796875,5285
20076.375,5286
20076.953125,5287
20077.5,5288
20078.046875,5289
20078.578125,5290
20079.03125,5291
20079.671875,5292
20080.234375,5293
20080.796875,5294
20081.296875,5295
20081.9375,5296
20082.546875,5297
20083.125,5298
20083.734375,5299
20084.140625,5300
20084.859375,5301
20085.421875,5302
20086.03125,5303
20086.5625,5304
20087.765625,5305
20088.25,5306
20088.953125,5307
20089.546875,5308
20090.109375,5309
20092.796875,5310
20093.421875,5311
20093.984375,5312
20094.578125,5313
20095.140625,5314
20095.640625,5315
20096.328125,5316
20096.890625,5317
20097.484375,5318
20098.09375,5319
20098.65625,5320
20099.25,5321
20099.859375,5322
20101.046875,5323
20117.609375,5324
20122.96875,5325
20125.8125,5326
20585.25,5327
21273.6875,5328
21279.71875,5329
21292.71875,5330
21577.515625,5331
22878.09375,5332
22879.1875,5333
22908.359375,5334
24079.609375,5335
24092.265625,5336
